TripID,TripDate,Duration,ETA,Cost,Destination,StartLocation,CustomerID,DriverID
1,2020-04-19 06:10:04,31,0:50,88.04,8 Sugar Hill,04 Summerview Court,76,163
2,2021-04-22 11:51:24,40,18:28,73.9,0 Clove Way,70079 Schlimgen Drive,167,389
3,2021-12-04 16:49:13,42,0:55,42.38,77979 Pearson Terrace,2558 Fordem Lane,282,187
4,2020-09-12 09:42:53,10,3:35,30.11,97365 Steensland Trail,2 Hoard Center,108,178
5,2021-11-25 01:25:04,45,3:34,56.79,714 Victoria Circle,22106 Dahle Lane,585,135
6,2020-06-22 00:13:55,54,12:10,10.83,92612 Manitowish Circle,79478 Hauk Pass,852,18
7,2020-04-07 09:52:48,11,23:13,52.67,58180 Crowley Court,7003 6th Crossing,196,433
8,2020-06-10 07:44:06,19,22:36,27.68,1188 Moland Lane,367 Pine View Center,566,963
9,2019-10-25 19:39:00,32,20:18,57.86,7 La Follette Road,5831 Memorial Park,276,35
10,2019-12-09 10:29:41,29,23:47,89.22,50403 Becker Terrace,54400 International Parkway,794,541
11,2021-12-30 22:45:39,45,7:52,39.73,5 2nd Center,5073 Sutherland Court,822,137
12,2020-06-11 16:46:05,23,0:56,44.25,2730 Independence Court,03641 Eagle Crest Crossing,197,8
13,2021-01-06 08:55:57,48,19:33,43.27,878 South Pass,69 School Junction,944,79
14,2021-04-14 06:33:41,16,22:23,50.43,15322 Dixon Lane,7042 Cardinal Way,587,943
15,2019-11-26 15:13:12,43,9:05,19.66,038 Fulton Circle,425 Blaine Lane,549,148
16,2022-03-28 06:43:27,32,10:43,43.58,0 Shelley Center,989 Coleman Hill,458,549
17,2021-11-16 14:30:37,46,6:41,31.91,75652 Fuller Drive,0655 Buhler Court,992,354
18,2019-11-21 20:46:44,47,7:57,6.45,51 Brickson Park Lane,8 Crescent Oaks Alley,650,950
19,2020-07-07 01:55:30,50,4:29,43.59,33317 Mcguire Terrace,24771 Esker Way,210,657
20,2022-01-14 23:02:11,25,1:55,27.6,03 2nd Road,071 Southridge Hill,772,746
21,2022-02-16 11:39:06,13,13:48,98.86,8 Gina Point,1 Brentwood Drive,819,451
22,2019-10-02 06:24:25,38,11:19,72.12,7859 Kenwood Road,90032 Butternut Hill,439,494
23,2022-02-20 12:47:23,53,12:12,37.65,992 East Avenue,5 Hanson Crossing,33,677
24,2021-12-28 20:18:04,54,5:15,44.1,0 Longview Parkway,71 Bowman Junction,630,642
25,2021-12-20 19:30:37,51,13:19,81.62,0408 Thierer Terrace,79 Vermont Center,333,724
26,2021-05-10 13:05:19,57,18:01,94.18,78474 Dwight Court,635 Scofield Way,49,772
27,2021-11-29 13:16:58,56,17:36,74.18,95 Nelson Junction,87 Beilfuss Center,949,335
28,2020-04-08 01:26:39,12,17:50,49.11,6737 International Park,6 Summerview Pass,18,696
29,2022-01-29 07:46:37,57,15:36,19.96,1107 Hauk Trail,402 Rockefeller Terrace,158,54
30,2020-05-07 21:48:26,51,15:11,42.07,2225 Eastwood Drive,8 Sachtjen Lane,686,435
31,2022-03-29 11:55:07,25,0:59,11.51,5 Manufacturers Lane,8 Coolidge Way,959,482
32,2021-08-26 20:02:07,22,16:10,51.95,8 Harper Park,724 Ryan Point,757,53
33,2021-12-01 21:27:32,26,22:26,43.13,05877 Katie Street,68 Cascade Road,295,300
34,2020-09-25 07:55:49,17,13:49,83.41,3 Ohio Point,48 Cardinal Avenue,960,384
35,2019-10-05 19:39:33,52,19:16,52.2,21 Elka Place,0 Garrison Parkway,340,124
36,2019-12-05 07:35:43,37,17:59,20.43,47495 Lindbergh Pass,1 Surrey Trail,550,81
37,2020-07-19 11:33:19,27,20:46,83.1,4497 Superior Plaza,99123 Judy Alley,272,805
38,2021-09-02 18:11:22,15,15:33,34.32,1 Armistice Place,26797 Farragut Junction,993,407
39,2020-09-26 06:54:31,27,19:21,61.29,60 Macpherson Alley,20520 Reindahl Terrace,136,613
40,2021-04-09 16:35:39,48,5:19,55.1,12 Hoard Pass,04 Becker Crossing,116,762
41,2021-01-17 05:17:05,30,11:39,50.54,63383 Orin Trail,005 Jay Point,527,779
42,2021-08-25 11:44:44,38,21:10,42.07,72094 Old Shore Street,03 Oriole Terrace,361,626
43,2020-12-24 23:17:56,35,11:33,26.27,650 Prairieview Alley,0 Beilfuss Place,729,36
44,2020-01-12 07:34:03,52,8:53,61.64,461 Elgar Pass,75 International Road,262,283
45,2020-07-03 11:02:32,40,11:37,51.68,9931 Gale Junction,93412 Waubesa Trail,289,467
46,2021-08-04 20:37:36,12,23:10,77.69,91183 Namekagon Plaza,5385 Prairie Rose Point,571,593
47,2021-12-16 01:27:50,58,15:05,90.78,6 Lakewood Road,18 Riverside Junction,583,348
48,2021-07-03 20:56:00,36,1:19,29.14,91 Burning Wood Alley,51203 Service Street,882,372
49,2022-02-24 14:04:03,51,10:40,49.27,1745 Shelley Avenue,6452 Meadow Ridge Lane,844,76
50,2020-06-05 16:20:28,44,15:58,73.41,7477 Helena Center,139 Brown Pass,911,208
51,2020-05-04 20:48:16,41,22:53,15.2,0598 Ruskin Park,1309 Barnett Hill,148,253
52,2021-07-14 09:47:24,54,17:56,86.03,5 Namekagon Crossing,19 Dottie Avenue,14,243
53,2020-06-19 00:51:33,47,4:13,56.62,9617 Debs Crossing,1 Clove Trail,973,80
54,2020-08-29 23:24:31,17,17:56,82.54,7859 Eastlawn Way,0737 Moulton Crossing,823,785
55,2020-08-04 11:31:44,25,7:14,94.68,1780 Mallard Avenue,44 Roth Avenue,816,552
56,2020-05-28 15:38:00,26,20:43,28.7,30658 Di Loreto Avenue,9936 Ilene Circle,852,706
57,2021-06-24 13:37:29,58,14:54,88.16,74 Messerschmidt Crossing,3 Mandrake Avenue,984,566
58,2021-01-14 09:03:28,41,2:47,32.03,06 Artisan Lane,32 Drewry Park,568,405
59,2021-10-06 03:08:08,35,15:58,44.88,106 Hanover Trail,1215 High Crossing Parkway,652,542
60,2021-07-04 01:34:41,56,4:28,30.46,8192 Susan Way,9 Warner Drive,723,390
61,2019-12-29 07:47:11,45,6:03,62.65,8 Morning Terrace,9618 Meadow Ridge Plaza,683,863
62,2021-02-09 11:23:24,39,23:20,97.59,83547 Bluejay Parkway,4429 Steensland Drive,285,969
63,2020-12-02 17:39:53,43,14:38,65.64,053 Forest Run Street,8 Dorton Avenue,227,313
64,2022-01-09 12:28:45,44,21:39,80.05,191 Towne Drive,4 Eastwood Place,465,180
65,2022-03-13 17:07:42,10,12:11,67.38,37350 Nancy Center,98178 Springview Trail,993,953
66,2019-11-27 16:30:47,13,19:32,57.71,1156 Towne Street,9 Service Terrace,160,842
67,2022-02-06 15:05:18,53,10:09,31.96,2819 Eggendart Terrace,5860 Raven Hill,788,458
68,2019-12-21 13:59:08,18,10:36,18.32,414 Carberry Court,84857 Schurz Center,745,309
69,2020-01-25 14:03:33,55,16:58,92.22,5 Carberry Parkway,6448 Dakota Crossing,147,372
70,2021-06-15 23:39:42,38,9:22,76.48,77 Crowley Court,8046 Anhalt Center,913,322
71,2020-02-01 05:32:55,49,15:06,19.37,98 Sloan Way,52695 Mesta Hill,357,610
72,2020-09-14 08:38:24,55,16:33,98.94,4 Shopko Lane,4039 Columbus Center,880,987
73,2022-01-29 09:17:15,51,1:52,32.41,32090 Bartillon Drive,1628 Dahle Drive,684,348
74,2020-10-21 06:06:27,16,20:40,53.67,08941 Sherman Way,52 Truax Drive,642,378
75,2022-02-16 00:02:25,51,19:19,92.02,46679 Nobel Park,7857 5th Place,634,39
76,2020-02-21 18:50:48,51,16:44,72.35,203 Dwight Place,275 Butterfield Road,970,659
77,2021-02-14 12:34:38,11,4:48,81.04,9142 Nobel Park,63 Summit Hill,859,1
78,2020-05-11 08:25:45,44,13:25,22.91,5473 Schiller Lane,528 Pond Court,85,326
79,2020-06-29 00:48:16,15,9:36,34.79,4 Ohio Circle,19 Cambridge Terrace,133,51
80,2021-05-11 04:39:54,11,19:00,80.17,37038 Forster Street,5869 Clyde Gallagher Terrace,707,863
81,2020-01-26 14:51:55,24,13:21,43.7,20979 Veith Street,2610 Northview Plaza,293,908
82,2022-01-24 17:09:19,38,7:45,69.7,30 Northview Crossing,74 Di Loreto Parkway,582,422
83,2020-10-20 23:40:26,17,10:14,28.99,7473 Mendota Hill,58420 Memorial Drive,60,260
84,2020-07-25 02:21:03,24,13:01,62.16,12916 Autumn Leaf Point,2880 Cardinal Plaza,110,899
85,2020-05-25 13:29:30,46,0:53,29.94,856 4th Place,1425 Sunnyside Crossing,472,654
86,2021-05-24 11:40:31,49,13:28,99.26,09959 Chinook Street,2 Magdeline Place,385,548
87,2022-03-23 05:31:44,33,2:55,75.96,5 Buell Parkway,50772 Heffernan Plaza,701,589
88,2021-05-20 09:54:31,51,22:55,76.15,29429 Coleman Trail,59636 Stephen Lane,506,183
89,2020-08-31 20:35:30,50,11:13,58.25,803 Talmadge Center,509 Fuller Avenue,601,34
90,2021-11-04 22:03:50,10,19:40,17.25,696 Moose Point,475 Village Alley,923,401
91,2020-04-11 05:30:05,24,14:57,20.1,89 Schlimgen Circle,04 Farragut Parkway,901,790
92,2020-07-02 12:33:27,11,12:47,52.36,57494 Heffernan Way,93202 Quincy Road,986,502
93,2021-05-30 04:11:16,58,16:00,13.27,7047 Graedel Pass,72301 Moose Terrace,375,611
94,2022-01-05 01:29:41,43,22:39,45.6,349 Oakridge Park,7683 Holmberg Terrace,97,326
95,2020-03-30 16:46:31,49,15:10,49.58,4 Annamark Trail,12875 Oxford Alley,959,33
96,2020-04-28 11:53:46,54,8:53,19.73,60 Northland Way,1 Esch Place,382,706
97,2022-01-11 09:03:27,58,11:03,95.24,24923 Gale Avenue,8189 Autumn Leaf Park,633,853
98,2020-01-02 15:22:47,26,5:46,36.27,44200 Little Fleur Circle,3429 Cambridge Plaza,288,646
99,2020-09-19 20:24:56,12,11:06,78.66,05 Morningstar Plaza,5 Service Trail,468,333
100,2021-03-27 16:56:28,34,12:00,79.27,64 Meadow Valley Park,4 Rowland Court,160,832
101,2022-04-07 10:10:05,13,3:35,6.77,58 Moose Road,9579 Crest Line Junction,245,848
102,2019-12-09 19:42:37,15,19:10,10.08,4 Grover Court,4251 Buhler Drive,687,935
103,2021-07-14 03:18:55,12,17:38,16.02,0 Namekagon Street,70740 Schmedeman Street,637,364
104,2021-06-29 13:07:36,46,3:38,53.38,01 Ridgeway Plaza,6810 Dayton Court,535,986
105,2020-07-03 06:05:41,21,23:17,98.53,8208 Coleman Plaza,1 Hayes Avenue,476,574
106,2020-02-06 01:40:07,13,23:11,84.38,55 Service Pass,59 Butterfield Lane,65,759
107,2020-04-10 19:42:41,55,21:49,91.72,07985 Sunnyside Road,06588 Thompson Lane,998,348
108,2022-02-09 13:19:01,40,4:14,9.76,8 Maple Wood Hill,90853 Troy Point,700,755
109,2021-09-18 14:41:31,60,21:03,26.04,4 Westridge Road,13601 Goodland Way,561,789
110,2020-11-01 17:07:44,13,6:09,55.54,74335 American Ash Parkway,4715 Laurel Terrace,728,112
111,2021-02-13 02:53:31,57,9:41,55.29,4968 Coleman Hill,3 Village Way,563,631
112,2021-03-17 15:13:40,47,16:28,79.18,676 Sheridan Drive,47 Basil Court,241,287
113,2020-04-26 02:44:38,52,19:37,47.67,99 Veith Lane,5244 Bluestem Avenue,689,687
114,2022-02-09 11:36:27,21,4:46,42.34,0 Emmet Park,94328 Goodland Terrace,785,238
115,2020-03-02 16:31:42,32,20:16,15.61,34 Parkside Road,53509 La Follette Trail,49,572
116,2020-04-30 13:58:36,29,18:45,53.14,9 Toban Court,6 Ridge Oak Terrace,891,755
117,2021-10-15 14:15:28,13,15:46,50.83,781 Fairview Road,48533 Hintze Plaza,709,732
118,2019-12-13 08:58:43,46,23:00,93.24,38 Badeau Park,7633 Prairie Rose Trail,712,582
119,2021-11-21 13:34:57,18,2:17,86.44,750 Garrison Street,6 Hanson Parkway,87,840
120,2019-11-22 09:45:35,50,15:47,50.79,6296 Randy Alley,600 Ohio Pass,265,751
121,2021-10-28 10:51:22,18,19:25,46.97,476 Mariners Cove Way,5 Ohio Drive,780,426
122,2021-11-25 07:20:02,29,7:43,8.23,54 Hallows Street,41322 Glacier Hill Terrace,416,808
123,2020-11-18 02:37:13,15,22:41,49.17,05 Donald Center,0770 Cottonwood Way,382,318
124,2019-10-08 17:01:11,13,15:29,67.92,62 Meadow Ridge Court,6923 Warner Hill,844,570
125,2020-01-08 21:31:51,11,9:15,90.44,87177 Warner Circle,1215 Summerview Plaza,10,296
126,2020-01-03 06:58:29,27,1:22,15.07,24612 6th Way,8 Mariners Cove Crossing,738,170
127,2020-09-20 20:46:12,12,8:47,66.16,371 Loeprich Place,9530 Reindahl Center,745,867
128,2019-11-27 22:22:52,40,3:18,5.0,881 East Parkway,20328 Forest Dale Drive,210,444
129,2020-07-23 17:47:56,40,23:04,35.01,7834 Laurel Plaza,6 Fallview Trail,953,947
130,2019-12-09 02:14:17,52,9:34,76.14,51 Lake View Drive,975 Spenser Trail,631,854
131,2021-04-16 23:26:57,41,1:50,60.44,8 Reindahl Park,45330 Troy Junction,838,214
132,2020-12-12 09:09:13,54,16:27,13.72,60143 Heath Point,11 Mendota Trail,435,278
133,2021-09-14 16:22:03,15,3:25,89.89,9788 Melody Pass,47672 Walton Park,745,860
134,2021-08-13 13:14:00,59,19:34,73.72,3 Thompson Terrace,9 Shasta Way,125,378
135,2021-05-31 21:08:53,38,22:37,89.66,381 Texas Drive,544 Sunnyside Pass,848,328
136,2020-03-26 14:49:46,27,14:54,54.79,19238 Stone Corner Court,5 7th Crossing,307,244
137,2021-09-02 01:19:54,54,20:55,88.27,12 Randy Pass,12676 Grover Place,400,923
138,2021-11-17 02:18:08,13,3:21,62.84,84880 Fordem Park,7 Victoria Road,372,203
139,2022-01-23 12:50:54,13,11:37,91.3,1269 Rockefeller Road,9309 Sage Parkway,325,848
140,2021-08-31 04:09:50,23,7:47,33.29,6 Farragut Junction,68 Jenna Court,989,821
141,2020-05-16 02:51:48,48,12:09,46.39,3 Oxford Parkway,41988 Walton Pass,388,906
142,2020-05-20 17:57:23,30,14:07,28.49,894 Hoffman Lane,52532 Manley Court,385,518
143,2022-04-04 15:59:54,14,3:31,56.63,07 Schlimgen Point,96775 Marquette Place,319,550
144,2020-07-13 11:40:40,25,4:07,29.45,92 Drewry Lane,90944 Buell Circle,223,765
145,2021-01-31 21:12:44,14,11:14,97.21,33839 4th Trail,44798 Caliangt Parkway,449,433
146,2022-03-03 19:14:18,32,6:25,34.77,985 Mallory Parkway,847 Morning Place,606,188
147,2021-06-28 20:53:56,60,22:54,81.54,91841 Crescent Oaks Alley,06 Blaine Terrace,375,234
148,2020-04-28 07:36:56,26,13:26,85.82,374 Washington Avenue,9514 Holmberg Park,510,627
149,2020-01-28 21:23:19,22,15:58,34.6,95 Hooker Center,60 Kennedy Terrace,978,779
150,2020-10-29 21:23:10,54,17:46,78.21,76 Blue Bill Park Road,7 Tennessee Junction,578,790
151,2020-08-30 03:16:00,51,4:04,11.25,0 Lerdahl Street,21 Bashford Street,672,566
152,2022-04-05 06:13:42,40,12:42,55.62,16 Butterfield Pass,73545 Briar Crest Center,796,489
153,2020-12-15 05:18:37,12,5:30,90.82,3 7th Avenue,2 Fairfield Pass,37,277
154,2020-09-16 11:41:06,29,15:33,95.55,54092 John Wall Park,0 Thackeray Junction,139,774
155,2019-11-06 22:10:31,40,15:25,92.21,6 Tony Court,0755 Havey Drive,416,294
156,2021-08-16 02:55:37,21,10:08,6.8,21566 Dayton Trail,068 Montana Center,661,485
157,2021-03-07 22:33:41,27,23:18,51.57,9948 Thompson Way,00295 Brickson Park Street,718,378
158,2020-08-01 23:18:43,37,5:28,43.87,9 Commercial Hill,7 Melvin Circle,210,44
159,2022-01-30 00:39:27,41,6:29,56.29,53242 Miller Terrace,558 La Follette Terrace,49,688
160,2020-09-14 15:59:05,54,12:27,65.36,6041 Carey Circle,45288 Scott Avenue,831,236
161,2021-03-30 12:58:11,26,13:38,23.66,1631 Ilene Lane,62 Waxwing Way,314,917
162,2019-11-26 09:55:27,36,19:58,73.97,5 Tennyson Pass,3036 Eggendart Park,818,891
163,2021-04-29 15:40:26,24,14:31,57.66,973 Swallow Center,91 Marquette Plaza,99,143
164,2020-07-15 15:54:56,14,21:43,54.1,0 Crescent Oaks Alley,5672 Hagan Hill,353,300
165,2020-05-18 01:49:14,37,3:43,68.38,49155 Annamark Park,21 Mendota Lane,293,210
166,2021-08-06 04:05:47,28,21:17,74.56,0 Elmside Street,73325 Fulton Alley,509,502
167,2020-09-03 01:38:58,12,13:56,26.12,33 Forest Run Center,9923 Mayfield Circle,306,852
168,2020-05-09 01:50:32,13,7:42,14.2,0 Fulton Hill,0 Merchant Hill,738,949
169,2020-01-07 06:04:55,55,10:46,22.53,77 Express Avenue,78 Hoepker Pass,916,846
170,2021-08-22 06:47:36,35,9:26,66.46,13762 Twin Pines Alley,417 Buena Vista Court,38,474
171,2021-11-26 00:28:26,41,8:13,22.39,99 3rd Point,390 Holy Cross Way,689,995
172,2022-03-15 18:28:35,17,5:12,92.95,2 Westend Street,1 Mosinee Crossing,537,79
173,2021-03-14 16:27:27,42,23:40,55.8,110 Upham Lane,417 Pawling Hill,272,19
174,2021-10-21 15:18:12,31,20:42,8.29,0 Mayfield Lane,291 Mandrake Lane,976,262
175,2020-03-29 21:42:11,37,13:01,37.68,06 Dovetail Crossing,33055 Vera Park,321,872
176,2020-07-18 16:58:22,28,2:48,72.0,8178 Forest Dale Drive,12459 Dovetail Crossing,558,646
177,2021-12-20 17:42:20,42,21:52,28.81,6959 Fallview Point,7350 Kingsford Way,712,257
178,2021-03-28 05:51:39,26,21:10,93.08,35 Barby Crossing,3668 Darwin Lane,84,783
179,2020-08-02 01:57:17,57,15:47,87.01,7 Badeau Court,6922 Bowman Avenue,745,906
180,2020-04-30 07:04:30,28,14:49,16.06,511 Oneill Place,986 Spaight Center,744,101
181,2021-01-24 00:08:50,41,5:13,97.38,0071 Kingsford Way,046 Hooker Lane,429,967
182,2020-12-31 09:32:21,22,14:32,65.68,56387 Esker Avenue,3423 Prairieview Lane,496,785
183,2021-03-02 12:14:57,52,4:57,65.88,47 Kingsford Junction,9284 Kenwood Center,190,106
184,2021-08-29 10:07:48,51,13:04,91.39,0 Schlimgen Junction,206 Holmberg Parkway,451,299
185,2021-03-30 00:51:34,23,1:02,34.31,8348 Brickson Park Terrace,18754 Gateway Center,726,275
186,2020-02-18 07:27:14,22,23:47,68.41,1 Luster Junction,6989 Thackeray Parkway,395,491
187,2020-12-25 22:58:58,39,8:54,67.02,6619 Sycamore Center,1492 Del Sol Park,489,959
188,2021-12-17 10:51:44,37,4:44,30.97,616 Steensland Court,05 Maple Wood Road,220,83
189,2021-05-27 13:52:54,38,16:22,48.86,11 Barby Avenue,843 Jackson Alley,262,25
190,2021-07-29 02:36:33,14,15:02,18.34,032 Del Sol Trail,836 Brickson Park Center,862,408
191,2019-12-28 17:48:07,39,21:59,65.44,6 Northland Terrace,123 Stone Corner Avenue,604,673
192,2020-08-18 12:38:43,60,2:49,17.87,0 Johnson Place,68707 Mendota Pass,459,969
193,2021-12-26 22:44:55,15,22:54,42.55,90 Blue Bill Park Park,229 Schiller Plaza,146,767
194,2020-09-16 03:18:36,22,5:01,70.61,380 Hayes Park,75891 Sutherland Point,949,877
195,2022-04-11 11:49:49,35,9:59,39.96,2 Elmside Road,6 Blackbird Lane,198,819
196,2020-03-12 07:39:44,60,10:38,99.34,1204 Gale Alley,1 Nelson Place,612,100
197,2020-09-15 04:30:09,53,22:36,74.93,86804 Jay Pass,38984 Debra Plaza,509,692
198,2021-05-30 17:57:51,51,23:19,83.57,34636 Dovetail Park,485 Calypso Avenue,135,721
199,2022-04-15 18:53:21,33,23:16,8.76,28714 Bluejay Pass,66 Huxley Drive,950,990
200,2020-02-28 04:51:56,44,16:46,12.11,541 Westridge Pass,8750 Caliangt Place,524,71
201,2022-03-28 18:33:40,48,16:09,64.1,6 Banding Junction,06844 Eagan Junction,914,983
202,2022-01-13 15:57:27,27,23:40,96.46,78232 South Parkway,1551 Chinook Way,104,389
203,2020-03-02 02:20:59,17,18:14,66.99,4 Warner Junction,63060 Anniversary Court,700,205
204,2021-03-14 03:36:01,33,6:53,68.16,7699 Bunting Court,3 Summerview Alley,262,585
205,2021-09-29 08:26:25,59,7:19,27.97,8 Hoffman Hill,48847 Leroy Street,862,842
206,2022-04-17 22:06:27,20,16:56,39.09,61 Manitowish Circle,3 South Junction,367,786
207,2020-12-04 22:04:56,59,21:53,26.49,9644 Lukken Drive,5 Kedzie Place,751,988
208,2021-01-24 10:52:34,52,2:32,12.47,740 Ludington Court,3879 Fuller Alley,648,201
209,2020-11-30 01:35:42,41,8:22,55.65,86534 Homewood Parkway,8 Lake View Street,947,353
210,2020-04-05 15:48:08,21,0:44,18.72,9 Fremont Drive,5 Meadow Vale Street,178,621
211,2021-07-17 10:39:50,30,8:25,6.74,948 Quincy Way,6964 Arapahoe Lane,200,357
212,2020-03-10 23:54:09,47,1:40,82.64,2 Logan Parkway,4711 Union Crossing,730,753
213,2020-10-26 02:21:17,39,23:18,71.75,1698 Anzinger Park,11 2nd Center,741,941
214,2020-08-25 19:42:12,13,22:39,85.08,2391 Division Drive,6490 Eagan Point,447,815
215,2020-06-21 22:03:05,24,18:40,8.02,53 Golf View Alley,56348 Bayside Drive,379,536
216,2020-08-29 06:06:20,34,22:35,9.77,3 Nova Road,93 Walton Point,318,981
217,2020-04-10 18:43:19,26,23:38,52.93,8 Independence Place,087 Eggendart Park,885,165
218,2020-05-18 22:57:16,53,3:49,44.09,754 Burning Wood Park,2339 Carey Way,754,739
219,2020-12-03 21:02:33,60,14:20,12.38,1 Nobel Point,60475 Merchant Court,948,690
220,2020-02-05 19:17:56,24,7:54,8.6,75323 Mifflin Lane,40534 Independence Trail,540,272
221,2019-10-12 04:02:41,16,9:40,77.59,964 Logan Lane,3782 Memorial Alley,623,318
222,2021-10-25 02:57:50,17,14:36,90.83,248 Calypso Trail,34 Bluestem Point,380,521
223,2020-01-10 03:53:25,16,5:51,78.14,948 Fulton Way,03701 Southridge Road,157,370
224,2022-02-27 05:18:10,56,13:39,22.69,2460 Main Center,84561 Loftsgordon Parkway,908,132
225,2020-01-08 22:51:16,20,1:10,11.53,655 Clyde Gallagher Parkway,984 Shopko Circle,508,784
226,2022-01-04 07:31:08,51,12:29,8.48,079 Loftsgordon Place,20585 Mayfield Alley,924,905
227,2021-08-04 15:20:34,58,11:45,45.82,63 Katie Hill,0012 High Crossing Terrace,491,797
228,2020-06-12 12:53:58,42,19:59,13.66,524 Algoma Point,5 Rowland Crossing,292,89
229,2021-04-26 20:14:54,44,0:03,94.07,46612 Orin Circle,36 Knutson Place,586,479
230,2020-12-16 18:54:56,42,14:22,56.05,77 Mendota Parkway,86 Badeau Circle,386,7
231,2020-08-08 21:18:10,41,23:35,19.44,1 Magdeline Parkway,529 Dakota Crossing,996,841
232,2020-12-22 05:54:37,43,15:14,70.51,4592 Southridge Road,3 Moland Center,908,510
233,2020-09-24 13:21:14,50,5:30,98.56,60 Eastlawn Lane,4609 Kennedy Lane,535,650
234,2020-06-30 03:00:04,13,19:20,59.37,370 Jay Trail,2558 Carpenter Trail,168,702
235,2022-01-07 13:45:16,57,21:18,9.36,7 Darwin Lane,63 Maryland Lane,958,733
236,2020-07-03 00:17:55,26,11:02,89.92,13 Schurz Lane,5407 Sutteridge Hill,985,287
237,2020-10-12 05:23:37,29,15:51,59.06,47 Armistice Road,79 Fairview Avenue,457,250
238,2021-04-07 05:18:01,47,22:17,29.41,13133 Blackbird Point,76 Columbus Street,148,200
239,2021-11-19 16:16:47,40,2:09,70.13,11844 Donald Alley,24427 Mallard Avenue,646,64
240,2021-08-25 10:04:19,40,11:40,87.61,4639 Evergreen Trail,8 Birchwood Circle,216,265
241,2020-02-12 10:05:52,57,23:48,52.19,5577 Del Sol Parkway,06484 Grayhawk Parkway,539,446
242,2021-10-21 12:23:16,14,11:05,33.17,9277 Maryland Lane,9 Fallview Hill,809,155
243,2021-07-31 17:13:16,34,18:29,78.55,03 Crownhardt Trail,2481 Moulton Plaza,48,216
244,2020-05-08 02:35:07,35,22:14,31.91,2299 Clyde Gallagher Alley,74035 Hooker Court,556,545
245,2021-11-24 02:49:52,52,13:17,40.02,08 Melody Circle,68 Cardinal Trail,207,35
246,2020-06-24 12:50:24,53,9:25,11.86,06092 Schiller Junction,95961 Loeprich Hill,416,840
247,2021-09-21 00:50:42,60,22:59,78.09,061 Orin Pass,84 Division Pass,304,877
248,2021-01-12 15:06:05,49,8:21,66.82,588 Dorton Terrace,459 Browning Way,25,466
249,2020-12-18 13:07:05,28,6:26,96.59,868 Arapahoe Way,0196 Northridge Place,722,461
250,2021-02-10 21:14:24,22,23:23,27.46,2928 Hagan Park,25912 Westridge Plaza,130,361
251,2020-01-20 18:04:59,22,8:17,24.62,29921 Stuart Terrace,498 Delladonna Way,621,243
252,2021-10-03 23:41:50,25,22:05,17.15,540 Oak Valley Alley,464 Mockingbird Street,892,98
253,2019-12-07 11:41:01,55,11:07,56.62,9 Hoepker Place,3 Truax Street,820,550
254,2021-04-23 00:18:01,20,3:30,15.01,1258 Mifflin Lane,06937 Granby Road,262,711
255,2020-10-11 18:29:52,28,15:11,9.57,0 Cherokee Drive,0899 Leroy Circle,278,367
256,2021-08-26 18:08:12,30,9:18,69.52,337 Carioca Parkway,802 Luster Alley,492,658
257,2022-04-03 03:53:00,31,16:14,36.53,4761 Hoepker Drive,1 Stoughton Way,251,297
258,2020-05-20 16:40:40,40,5:23,12.62,5 Fieldstone Court,8918 Petterle Circle,965,11
259,2020-11-29 11:51:54,19,11:02,70.06,10558 Mockingbird Court,74198 Swallow Court,678,138
260,2020-08-24 14:16:00,40,8:13,70.48,97 Rusk Alley,1815 David Hill,719,167
261,2020-04-30 19:52:37,21,5:35,43.68,9211 Menomonie Court,167 Esker Point,991,422
262,2019-10-15 01:21:16,24,21:37,85.96,26 Nova Point,624 Maryland Road,241,340
263,2020-10-02 11:53:29,49,11:44,9.19,9 Bayside Junction,5807 Iowa Road,666,234
264,2020-09-12 15:14:10,52,4:01,6.32,1 Birchwood Street,4 Green Street,982,367
265,2020-07-09 09:58:45,10,23:39,45.01,4 Northfield Pass,92911 Prairie Rose Pass,444,801
266,2021-06-03 12:09:45,17,23:30,14.27,80 Cody Terrace,6 Sundown Street,678,999
267,2021-08-15 11:50:47,49,15:16,55.42,397 Loeprich Point,0076 Warrior Point,820,903
268,2020-02-21 04:55:10,23,18:39,48.76,06 Everett Plaza,45615 Jana Drive,149,775
269,2021-08-11 07:40:37,53,10:18,28.52,0 Stephen Terrace,76 Farwell Way,783,841
270,2020-11-13 05:00:37,52,1:25,88.29,3290 Atwood Point,45369 Declaration Point,987,537
271,2019-12-25 10:21:34,36,9:29,47.8,5 Longview Street,86229 Daystar Court,627,530
272,2021-08-18 12:59:04,31,5:47,71.49,368 Quincy Avenue,78 Holy Cross Avenue,80,985
273,2022-01-06 00:49:45,36,17:09,57.45,41 Blaine Circle,86988 Burrows Crossing,356,637
274,2021-06-02 06:32:38,25,6:48,24.53,9 Hanover Trail,9020 4th Trail,163,118
275,2020-10-18 22:53:00,33,7:57,14.82,01 Fisk Crossing,0993 Crest Line Street,176,730
276,2021-05-16 10:47:00,15,4:33,87.86,7743 Montana Crossing,4407 Sullivan Road,123,707
277,2020-08-12 14:16:06,47,1:44,88.13,7372 Chive Alley,901 Logan Hill,456,604
278,2021-11-09 07:15:29,16,14:45,86.24,7992 Kropf Way,3 Red Cloud Crossing,182,739
279,2021-02-07 12:52:58,22,0:58,76.28,46 Cardinal Crossing,9 Portage Road,681,210
280,2020-06-13 08:35:53,56,11:06,63.47,0860 Express Alley,7 Anderson Trail,575,566
281,2021-01-17 14:13:17,18,17:23,44.95,83 Karstens Drive,44 Westerfield Plaza,780,56
282,2021-02-04 18:13:12,35,6:37,64.16,34 Gerald Terrace,69 Anderson Parkway,946,871
283,2021-07-30 11:12:22,59,0:02,80.91,7 Mayer Circle,8 Eliot Terrace,905,411
284,2020-09-26 05:49:23,28,4:31,38.38,20 Susan Crossing,9491 Graedel Hill,207,773
285,2021-08-28 05:02:17,11,10:04,68.56,00939 Mesta Drive,2395 Kropf Street,535,741
286,2020-11-03 13:41:53,54,14:48,85.79,2 Moland Street,931 Walton Court,980,960
287,2020-12-14 18:18:07,52,11:49,23.17,6072 Menomonie Terrace,3 Prentice Hill,573,480
288,2019-12-18 01:36:47,24,11:36,21.22,055 Bartelt Center,289 Sunfield Avenue,649,125
289,2020-06-06 04:50:34,29,9:59,86.41,27558 Coolidge Park,9268 High Crossing Pass,66,124
290,2021-04-29 15:49:56,51,12:11,65.89,9 Waywood Street,81 Fulton Road,245,537
291,2021-11-03 05:17:20,58,19:28,74.08,12 Moland Lane,7 Thompson Circle,315,571
292,2020-04-09 02:35:49,33,16:39,65.86,2 Nova Circle,84 Messerschmidt Crossing,586,241
293,2021-05-17 09:15:24,34,20:23,58.49,08 Bobwhite Parkway,30 Mcbride Pass,885,88
294,2019-11-02 22:57:59,36,6:00,40.87,171 Stang Place,062 Stone Corner Park,726,684
295,2021-07-06 22:25:48,42,7:40,92.39,0 Fieldstone Avenue,32 Novick Avenue,695,955
296,2021-03-25 23:05:19,32,22:40,58.1,1 Meadow Vale Junction,74 Michigan Lane,641,689
297,2022-04-06 04:40:48,27,9:20,73.34,4 Toban Hill,54506 Jenifer Trail,719,566
298,2020-01-01 06:54:07,13,1:00,24.75,40984 Cody Terrace,31730 Dapin Avenue,78,555
299,2020-09-18 03:50:34,54,7:32,67.46,8877 Eastwood Point,97 Acker Terrace,230,337
300,2020-02-21 07:10:54,40,13:29,26.88,06401 Upham Street,83339 Havey Point,946,67
301,2021-04-16 04:14:38,19,10:52,79.46,2682 Colorado Alley,071 Mcguire Point,201,605
302,2020-03-17 16:43:43,58,1:48,67.65,7 Harbort Hill,42013 Oneill Drive,688,609
303,2022-04-01 00:06:45,54,0:37,77.79,81 Vermont Junction,237 Sugar Alley,281,680
304,2020-03-07 02:38:01,41,12:55,35.15,1693 Eastlawn Court,492 Esker Trail,547,476
305,2020-09-22 23:09:04,28,14:14,83.58,7 Elgar Junction,30 Thompson Trail,59,3
306,2021-08-24 17:48:48,50,17:44,22.45,37204 Moulton Alley,341 Morrow Terrace,909,407
307,2021-04-06 07:26:32,20,12:29,62.05,8716 Valley Edge Hill,7 Warbler Trail,605,701
308,2021-11-17 11:14:18,43,4:12,31.53,9564 Orin Way,4 Stuart Drive,273,494
309,2021-08-10 10:44:34,39,23:55,96.02,6 Hansons Place,32299 Armistice Avenue,449,854
310,2020-08-31 20:32:43,36,4:12,83.59,5499 Drewry Way,751 Washington Avenue,609,19
311,2021-08-05 16:58:29,44,22:44,46.48,9784 Northview Center,85218 Sutherland Pass,502,954
312,2020-04-29 07:50:08,36,13:30,57.34,1544 Little Fleur Junction,553 Dakota Pass,814,734
313,2021-03-27 04:38:21,53,11:16,95.34,0248 Village Lane,23 Chinook Drive,70,793
314,2021-09-06 12:58:10,28,3:39,12.51,4024 Oriole Lane,33438 Union Junction,646,309
315,2022-02-05 10:48:00,25,20:22,5.56,8956 Basil Point,706 Merry Way,220,233
316,2022-04-03 18:04:49,50,9:50,35.31,797 Menomonie Pass,8544 Monument Center,131,216
317,2021-09-30 22:41:33,30,20:21,99.16,4549 Hoepker Parkway,2801 Gulseth Plaza,207,54
318,2020-10-10 03:51:01,51,15:02,94.41,98 Glendale Terrace,643 Carioca Center,244,165
319,2021-07-27 08:49:38,20,18:44,58.81,5 Pearson Park,97635 Rockefeller Court,103,399
320,2020-03-29 15:36:43,20,4:57,23.52,528 Merrick Avenue,355 Ridge Oak Plaza,249,876
321,2020-10-26 10:32:52,52,9:12,43.57,2030 Northfield Center,32843 Mandrake Place,403,407
322,2020-06-30 02:07:22,40,12:58,64.27,52 American Ash Parkway,00 Dixon Drive,189,470
323,2022-04-03 03:00:54,48,1:26,85.82,62955 Corscot Junction,9001 Oak Junction,994,323
324,2021-09-26 03:22:50,39,10:09,88.5,55038 Blackbird Hill,33 Sundown Street,768,396
325,2020-09-27 08:49:10,41,22:31,59.3,5066 Elka Avenue,8 Eagle Crest Plaza,113,850
326,2020-03-01 09:47:54,30,2:18,72.09,21 Eagan Circle,55 Superior Alley,518,578
327,2019-10-10 12:34:45,38,14:58,92.75,01 Raven Alley,7 Arapahoe Hill,116,907
328,2021-11-18 14:53:31,19,22:43,23.09,7162 Mesta Crossing,2863 Claremont Crossing,401,748
329,2022-03-22 13:33:28,17,21:15,96.77,861 Bonner Road,43771 Saint Paul Terrace,736,926
330,2020-03-24 20:57:27,20,10:23,88.45,7 Holy Cross Circle,5833 Waywood Plaza,776,389
331,2020-12-21 16:57:24,24,13:55,52.41,37851 Northport Drive,57131 Debs Lane,191,444
332,2021-11-09 11:15:10,57,12:38,93.18,6 Mitchell Circle,04 Gulseth Place,756,913
333,2022-03-17 17:21:24,52,1:41,11.17,80025 Anniversary Park,944 Holmberg Center,949,641
334,2021-05-31 19:01:28,57,13:16,85.86,65293 Arkansas Hill,00671 Manufacturers Crossing,206,42
335,2021-06-14 09:09:17,39,15:23,24.01,5375 Anzinger Drive,2406 Arrowood Park,652,477
336,2022-02-23 09:19:12,14,0:42,87.69,1528 Fordem Plaza,2 Waubesa Center,712,297
337,2021-10-17 08:40:16,43,7:36,71.86,0175 Sauthoff Park,2 Tomscot Parkway,978,525
338,2019-10-29 09:24:22,33,1:19,5.97,8784 Randy Plaza,28465 Roxbury Trail,475,792
339,2021-10-19 04:23:38,23,22:34,65.85,9718 Hallows Avenue,778 Ridgeway Point,231,140
340,2022-01-12 04:24:03,31,6:46,77.01,41 Dunning Pass,0236 Park Meadow Pass,48,582
341,2021-05-20 14:07:40,17,1:33,11.1,91505 Trailsway Avenue,36358 Havey Hill,160,528
342,2020-07-22 08:32:36,30,18:24,89.67,77852 Delladonna Court,2408 Mayfield Parkway,129,970
343,2021-11-27 14:27:17,18,21:13,9.03,62889 Crest Line Alley,70289 Dapin Place,539,639
344,2021-05-24 00:30:00,29,16:59,66.07,65724 Ludington Terrace,70367 Huxley Point,863,425
345,2020-05-17 07:15:30,37,0:57,70.48,5608 Raven Pass,13 Pleasure Crossing,531,701
346,2021-12-30 14:57:03,44,12:53,91.28,0 Tomscot Terrace,5771 Mccormick Circle,176,45
347,2022-03-05 18:11:25,48,13:10,30.81,2502 Bluejay Junction,9 Boyd Lane,551,696
348,2022-01-17 07:04:57,60,15:10,49.91,89020 Thompson Parkway,45690 Sherman Drive,206,53
349,2021-04-05 22:50:05,23,2:33,22.12,099 7th Circle,9093 Lotheville Street,744,731
350,2021-05-11 00:01:41,11,2:05,14.5,136 Fairfield Road,81 Manitowish Circle,206,554
351,2021-10-26 14:55:09,45,21:21,77.48,45 Thierer Hill,4642 Raven Junction,274,191
352,2020-12-17 23:08:08,56,1:36,44.88,748 Red Cloud Lane,06 Aberg Point,78,68
353,2021-02-15 19:32:48,54,12:47,98.77,71273 Amoth Court,402 Reindahl Court,897,721
354,2019-11-06 19:58:10,26,3:59,92.66,1 Portage Point,2534 Northwestern Junction,815,202
355,2021-08-06 14:34:39,51,23:13,36.02,9 Moland Trail,130 Fairfield Terrace,684,797
356,2019-11-13 07:17:53,22,8:10,60.28,995 Kings Center,97 4th Avenue,428,857
357,2021-11-21 07:52:29,53,23:36,91.86,60 Bultman Way,700 East Center,258,607
358,2021-04-07 12:27:48,15,8:56,43.41,351 Waubesa Lane,8351 Crownhardt Hill,938,812
359,2019-12-07 21:20:51,11,21:12,27.93,3408 Ohio Trail,383 Rowland Park,280,805
360,2022-02-27 15:49:59,16,2:56,59.44,6 Farmco Terrace,17963 Mcguire Circle,316,784
361,2020-01-20 05:27:23,49,5:51,82.64,8 Donald Crossing,14 Badeau Park,757,667
362,2020-12-03 03:40:12,24,11:53,44.61,6 Fordem Lane,942 Atwood Way,491,713
363,2022-01-21 08:57:09,56,1:50,57.48,88 Orin Circle,6 Glacier Hill Park,591,870
364,2020-05-11 05:11:07,12,17:12,34.6,53 Westport Circle,0 Miller Road,966,874
365,2020-07-31 08:08:00,57,12:48,64.84,7 Grayhawk Circle,26814 1st Lane,128,716
366,2020-08-25 02:37:17,38,8:08,71.06,56982 Muir Drive,38758 Miller Trail,791,285
367,2021-12-22 16:01:59,42,17:46,19.7,095 Park Meadow Plaza,372 Sunnyside Place,630,771
368,2020-12-19 21:04:47,20,1:20,67.43,04078 Graceland Avenue,341 Manley Drive,262,251
369,2020-03-19 03:57:42,47,8:20,40.73,21 Talmadge Street,73 Continental Trail,12,70
370,2019-11-14 17:12:23,51,2:28,37.84,9084 Reindahl Center,01926 Harbort Street,685,656
371,2020-09-25 04:12:19,33,21:38,71.8,56271 Bonner Place,40555 Sheridan Plaza,373,531
372,2020-06-01 10:56:44,54,20:07,84.76,18 Paget Center,84798 Drewry Court,706,829
373,2021-10-08 06:51:46,42,11:25,37.49,07040 Kenwood Drive,02437 Atwood Road,48,839
374,2020-10-06 14:22:56,58,18:00,61.69,5 Westport Lane,438 Monument Junction,545,442
375,2019-12-28 10:45:52,49,21:40,83.61,9 Hazelcrest Park,7789 Scofield Trail,23,45
376,2021-10-02 09:31:51,35,9:09,33.41,3925 Carioca Road,622 Buhler Plaza,333,702
377,2020-08-21 14:29:25,40,10:20,52.89,02 Mosinee Street,77676 Schurz Center,424,831
378,2020-11-27 11:44:11,47,16:58,28.99,49546 Dorton Park,5 Eagle Crest Road,394,42
379,2020-01-10 13:11:26,42,8:17,24.1,27 Butterfield Trail,8975 Lerdahl Hill,666,236
380,2020-03-12 11:42:18,45,0:23,93.98,840 Towne Junction,15 Russell Pass,46,85
381,2022-03-10 10:29:33,35,6:09,47.36,041 Mcguire Road,65782 Northfield Alley,109,576
382,2020-01-09 08:53:48,15,11:20,51.23,450 Mandrake Drive,0 Corscot Center,354,917
383,2021-04-03 13:11:48,35,15:58,72.6,13952 Annamark Plaza,732 Cody Parkway,764,428
384,2021-02-05 23:24:57,49,11:27,42.74,1238 Marquette Center,01 Farragut Road,279,326
385,2021-11-03 07:29:56,15,16:47,19.25,2622 Tennyson Place,312 Logan Place,564,995
386,2020-12-16 10:26:16,41,15:13,6.42,767 Crescent Oaks Crossing,2 Scoville Terrace,466,30
387,2020-05-12 16:01:27,24,22:14,41.53,73110 Londonderry Crossing,4 Shoshone Junction,884,475
388,2019-10-14 11:38:49,35,12:21,62.43,5 Kings Hill,975 Waxwing Terrace,535,259
389,2021-06-15 11:21:15,59,22:41,29.06,68 Messerschmidt Hill,2 Continental Terrace,978,862
390,2021-05-21 20:31:47,35,17:18,32.2,825 Randy Alley,604 North Center,399,281
391,2020-07-02 03:06:34,39,15:44,77.33,0382 Manley Lane,7476 Nova Park,724,594
392,2020-09-13 10:05:32,30,10:53,49.11,77 Daystar Place,2 Weeping Birch Place,540,124
393,2021-09-26 04:36:26,45,20:47,5.9,49891 Rusk Plaza,5133 Rockefeller Street,449,458
394,2019-12-30 20:30:49,17,0:13,50.87,882 La Follette Terrace,11 Bunker Hill Pass,142,859
395,2021-01-19 01:36:21,41,13:56,26.97,99 Barnett Circle,92 Sutteridge Place,297,32
396,2019-12-29 18:23:38,43,18:24,41.07,8 Moose Junction,704 Fairview Hill,450,882
397,2019-10-14 07:29:47,13,13:41,6.17,97 Bluestem Lane,8 Mallory Street,366,675
398,2020-09-19 22:18:47,59,2:27,30.56,512 Elka Junction,84 Donald Pass,445,371
399,2020-12-29 21:04:34,15,18:39,6.68,56562 Cody Pass,43 Holmberg Court,685,484
400,2020-07-24 12:27:20,31,6:54,46.67,3 Weeping Birch Drive,33239 Del Mar Plaza,845,493
401,2019-10-18 14:47:48,46,22:58,96.18,654 Paget Junction,911 Gateway Hill,132,923
402,2021-06-05 05:15:29,42,20:18,66.75,5 Surrey Center,747 Mitchell Trail,467,700
403,2020-09-15 03:40:05,44,12:39,96.83,23 Pankratz Pass,4726 East Point,126,147
404,2020-08-07 15:33:41,36,23:02,67.24,9 Waubesa Pass,12 Ridge Oak Lane,316,69
405,2020-11-04 11:59:45,41,7:35,20.63,54443 Forest Dale Hill,163 Little Fleur Place,766,466
406,2019-11-02 10:25:32,51,22:50,12.99,5 Fisk Trail,98 Welch Street,350,746
407,2020-02-24 09:25:26,45,14:08,77.09,21 Comanche Road,2335 Lake View Plaza,716,919
408,2021-09-12 23:28:37,37,21:20,66.38,0 Veith Center,1986 Northwestern Alley,34,143
409,2020-06-04 08:48:38,44,6:42,58.22,78236 Bunker Hill Park,764 Amoth Hill,336,284
410,2020-10-13 17:23:04,57,11:59,20.26,88787 Browning Pass,0 Monument Way,809,419
411,2021-05-23 18:41:00,25,3:35,16.67,1 Spaight Terrace,161 Merchant Terrace,243,767
412,2021-12-31 03:37:52,42,18:42,55.38,02 Doe Crossing Lane,7 Buena Vista Terrace,401,585
413,2021-08-09 03:49:13,32,4:22,86.05,49 Ruskin Pass,6245 Veith Trail,230,735
414,2022-02-22 18:30:44,10,9:41,43.51,4726 Bartelt Junction,8340 Old Shore Road,811,473
415,2021-03-12 18:36:25,53,0:20,22.28,59 Oxford Trail,3 Roxbury Trail,781,952
416,2021-10-20 05:47:55,49,4:12,49.87,5925 Ohio Point,8712 Eastwood Plaza,304,636
417,2021-04-24 04:59:09,21,2:32,65.37,2 Beilfuss Crossing,708 Holy Cross Point,892,833
418,2020-12-27 06:24:50,36,11:07,17.94,43 Forest Run Center,8376 Maryland Plaza,107,89
419,2020-10-16 22:32:52,35,5:11,28.86,142 Di Loreto Circle,05608 Warrior Point,792,489
420,2021-04-17 19:39:19,36,0:42,6.47,1 Sunbrook Point,34 Sommers Pass,457,474
421,2021-06-18 17:34:09,23,18:29,31.97,35569 Magdeline Trail,040 Montana Street,187,697
422,2021-12-06 03:05:38,41,14:34,74.24,1 Prairie Rose Pass,910 Almo Drive,284,801
423,2021-07-13 19:32:27,50,12:08,5.46,1469 Dapin Alley,90124 Elka Pass,410,898
424,2021-05-04 09:04:34,35,3:46,31.32,90577 Parkside Road,3 Mockingbird Lane,369,221
425,2020-01-28 11:01:02,12,21:41,87.29,01 Bobwhite Alley,06 Warbler Hill,842,543
426,2021-02-25 13:48:07,27,11:15,50.75,5794 Mallard Way,218 Lyons Trail,373,399
427,2021-04-25 15:04:16,56,20:08,9.51,091 Stephen Lane,11472 Trailsway Plaza,603,846
428,2020-02-02 14:17:00,51,13:48,9.72,55 Farragut Drive,7233 Logan Street,930,320
429,2021-07-26 07:19:16,25,18:07,86.39,69245 Roxbury Lane,3 Harper Street,119,388
430,2020-12-21 21:23:04,13,6:50,87.56,32229 Kensington Parkway,23111 Pankratz Street,394,474
431,2019-12-12 15:04:20,31,20:05,51.42,487 Darwin Drive,38693 Kedzie Point,842,873
432,2019-11-05 03:26:36,35,15:41,81.62,1 Independence Avenue,64 Surrey Parkway,882,418
433,2021-12-27 06:20:20,44,9:23,55.8,7 Kennedy Point,65406 Victoria Drive,327,414
434,2021-11-16 18:12:03,38,2:30,26.32,78983 Logan Hill,06 Independence Trail,843,628
435,2019-12-22 23:33:18,51,3:39,24.37,16 Warner Drive,62113 Tony Avenue,127,172
436,2020-03-29 17:24:03,51,21:12,85.2,08 Morrow Way,8 Bowman Drive,930,985
437,2022-03-13 00:37:03,37,0:37,22.53,086 Maple Terrace,1 Briar Crest Way,558,557
438,2021-01-27 14:29:28,33,13:49,13.44,5735 Schmedeman Crossing,9 Hanson Place,193,502
439,2021-10-03 10:25:06,20,9:45,24.47,227 Rowland Plaza,751 Melody Alley,265,219
440,2020-11-19 23:55:11,14,20:18,81.29,9 Cherokee Circle,360 Bonner Plaza,658,407
441,2020-05-07 05:39:47,58,12:41,47.81,338 Kim Crossing,6 Melvin Drive,698,923
442,2021-03-27 15:53:10,32,14:35,66.48,8 Fordem Lane,78089 Huxley Alley,629,816
443,2020-07-16 11:57:23,47,2:03,39.08,4618 Upham Plaza,53054 Corry Plaza,338,800
444,2021-02-07 04:05:43,24,2:28,63.82,840 Mallard Alley,5 Daystar Road,20,250
445,2021-10-02 12:01:59,17,6:19,63.51,23547 Morning Lane,678 Clove Circle,164,211
446,2020-09-14 22:05:21,42,6:08,80.18,8 Crest Line Circle,3 Hoard Hill,732,778
447,2021-05-09 22:07:15,48,14:54,13.63,82 Armistice Court,5 Armistice Park,568,635
448,2019-10-29 14:03:53,11,10:35,63.44,21 Montana Road,38 Fairview Drive,905,289
449,2020-09-08 08:48:01,16,9:36,84.99,19 Main Park,8 Sugar Parkway,806,664
450,2021-06-05 11:50:21,44,15:38,96.65,14118 Carpenter Plaza,61007 Summerview Court,928,161
451,2020-10-13 00:05:10,43,23:56,39.83,92 Bartillon Point,669 Monument Trail,650,464
452,2020-07-03 12:10:21,24,9:49,96.73,4284 Village Green Circle,9 Coleman Way,269,144
453,2021-07-20 17:28:42,29,1:55,13.73,32208 Crowley Way,88 North Point,164,473
454,2020-07-21 06:04:02,57,22:04,63.5,46112 Sycamore Lane,26827 Manley Circle,550,508
455,2020-06-29 06:52:51,51,19:29,59.64,05421 Kinsman Park,48597 Coolidge Parkway,414,881
456,2021-09-15 23:18:44,55,21:52,13.69,02761 Ridgeway Junction,7 Troy Road,722,547
457,2020-01-02 16:32:11,53,1:10,52.92,9110 Meadow Valley Avenue,2 Starling Circle,689,347
458,2020-10-07 17:35:49,57,13:39,34.53,46529 Main Road,4 Corry Court,700,474
459,2020-06-21 10:00:44,35,15:50,26.61,9 Declaration Center,6799 Crescent Oaks Lane,458,197
460,2020-06-20 01:44:39,28,16:15,21.24,2 Reinke Crossing,05659 Northland Pass,884,660
461,2021-12-28 13:20:15,19,16:14,80.94,8974 Maple Wood Circle,3 Fordem Pass,616,804
462,2021-08-11 15:57:39,45,15:18,90.92,2973 Spenser Trail,4 Portage Road,173,840
463,2021-10-08 04:51:35,30,20:50,19.89,9204 Prairie Rose Road,251 Sheridan Hill,744,488
464,2021-08-20 19:23:21,43,12:14,66.82,83 Texas Park,8 Bashford Pass,443,435
465,2021-06-11 01:59:51,41,9:28,50.12,55 Myrtle Alley,120 Macpherson Center,52,240
466,2021-06-17 17:22:55,19,4:23,92.41,12 Green Lane,1198 Ridgeway Alley,180,641
467,2021-06-21 16:17:29,14,16:10,68.04,12 Alpine Junction,72 Oak Valley Place,9,823
468,2022-02-07 07:14:16,29,7:38,56.32,62 Carpenter Plaza,40872 Derek Hill,214,353
469,2022-01-30 08:05:49,45,16:19,85.61,41 Melby Junction,3 Pennsylvania Circle,27,320
470,2022-03-29 14:31:48,38,4:04,23.47,5707 Union Alley,3 Park Meadow Circle,603,683
471,2021-12-18 00:01:33,50,12:21,28.46,0915 Moland Park,10 Anniversary Pass,169,112
472,2020-01-29 00:10:12,44,0:46,98.8,27878 Buena Vista Drive,875 Surrey Hill,184,578
473,2020-04-18 19:57:21,60,18:25,92.31,410 Rockefeller Hill,69335 Springs Street,951,99
474,2020-06-06 10:41:58,12,10:16,34.96,11 Goodland Pass,8 Melrose Avenue,444,316
475,2020-06-29 07:53:17,46,12:41,58.34,72780 Ohio Crossing,31665 John Wall Terrace,897,348
476,2021-03-10 16:27:57,50,21:11,19.25,1741 Vahlen Parkway,0 Vidon Trail,297,692
477,2021-02-16 22:10:09,12,6:48,79.28,8 Warbler Plaza,6981 Oak Parkway,909,804
478,2022-02-25 09:40:27,14,13:15,59.24,918 West Street,2389 Twin Pines Court,438,918
479,2021-02-04 00:36:40,22,16:09,33.19,2656 Coleman Circle,916 Muir Drive,120,462
480,2021-02-08 04:34:21,57,22:32,23.86,4 Susan Way,7 Holy Cross Trail,273,437
481,2021-02-09 06:50:07,55,13:46,81.96,17 Corscot Way,257 Nevada Point,182,404
482,2022-04-03 13:37:15,24,21:46,71.9,09109 Mitchell Circle,511 Washington Place,835,430
483,2021-06-10 13:56:33,22,0:04,84.58,5445 Forster Lane,1 Redwing Trail,783,458
484,2020-12-20 15:28:05,58,16:53,68.12,38824 Algoma Avenue,72112 Larry Plaza,565,812
485,2020-06-18 20:21:23,35,16:25,74.05,569 Mesta Alley,11 Westport Drive,20,110
486,2021-05-26 20:09:14,14,8:32,35.53,534 Carpenter Crossing,818 Sheridan Plaza,445,728
487,2020-09-25 10:56:17,33,16:58,35.3,3 Novick Park,49 Moulton Junction,570,76
488,2020-02-25 14:13:52,51,1:33,20.69,5 Victoria Pass,9831 Quincy Avenue,669,806
489,2021-05-25 10:25:25,23,19:59,40.34,01 Sullivan Center,650 Johnson Place,542,253
490,2020-10-18 18:55:03,13,21:48,57.6,9917 Mitchell Center,69941 Gerald Place,551,728
491,2021-06-01 11:13:48,18,20:34,9.48,46 Stang Avenue,94 Nobel Plaza,685,512
492,2021-01-05 17:42:18,28,4:00,42.29,1 Maple Terrace,36 1st Terrace,972,528
493,2021-03-31 19:26:02,35,1:44,5.66,73 5th Point,214 Magdeline Point,690,340
494,2021-08-05 15:37:07,40,8:02,39.82,7 Fallview Alley,1 7th Pass,289,915
495,2020-10-28 04:48:53,18,22:18,52.1,27733 Redwing Pass,3 Pankratz Street,84,776
496,2021-08-19 03:24:30,15,13:20,52.39,66 Miller Avenue,34 Leroy Lane,938,800
497,2020-12-09 17:31:58,34,21:40,14.8,49 Sage Terrace,933 Fallview Avenue,559,492
498,2021-12-03 07:54:13,15,1:07,31.55,72250 Kinsman Point,75 Oak Court,435,635
499,2022-03-04 07:30:59,38,3:39,65.16,283 Amoth Center,696 La Follette Way,325,23
500,2019-11-04 20:20:03,51,1:06,33.11,23 Atwood Avenue,1 Texas Trail,130,966
501,2020-06-04 13:44:44,10,17:10,90.39,7765 Cherokee Parkway,64682 Cambridge Crossing,329,732
502,2021-03-15 14:26:27,31,19:51,28.08,75 Marcy Place,74 Golf View Center,120,964
503,2020-03-12 16:59:58,24,23:00,38.39,9 Sunnyside Place,68 Butterfield Crossing,970,424
504,2021-12-03 15:30:03,46,6:58,87.09,12305 Buhler Crossing,6312 Grayhawk Crossing,645,255
505,2020-09-16 12:05:15,17,11:30,41.7,09941 Florence Drive,04 Eastlawn Street,410,193
506,2021-06-01 02:05:22,40,5:44,75.02,3774 Karstens Place,53 Warbler Crossing,476,599
507,2021-02-23 12:57:17,50,14:09,59.79,66147 Mallard Place,477 Summit Park,6,128
508,2020-10-20 10:56:00,48,22:13,73.61,3408 Longview Parkway,2 Hoard Point,70,484
509,2020-09-15 17:50:19,49,4:19,39.6,81 Dryden Hill,588 Magdeline Place,582,511
510,2021-06-01 21:39:44,51,14:13,85.39,8 Esch Trail,45 Straubel Lane,800,543
511,2020-05-09 12:31:21,55,5:12,40.38,52 Steensland Park,988 Talisman Street,517,287
512,2019-10-07 21:34:40,59,17:31,32.92,26860 Drewry Pass,40 Judy Plaza,295,499
513,2021-05-02 19:54:33,41,2:53,43.96,005 Declaration Point,417 Holmberg Trail,164,276
514,2021-01-09 13:33:16,16,15:50,57.57,6614 Erie Point,573 Hagan Street,370,785
515,2021-04-19 05:40:33,54,6:50,60.07,585 Moulton Plaza,55754 Roxbury Trail,606,373
516,2021-03-02 22:42:27,15,8:13,36.13,2 Stoughton Street,9 Holmberg Lane,937,111
517,2019-12-31 10:16:18,38,20:12,23.07,61313 Sommers Trail,17 Sugar Center,47,615
518,2020-07-06 06:35:53,10,14:07,6.27,4 Hanover Road,7 Northview Avenue,640,674
519,2021-04-21 23:51:34,57,16:19,77.47,63 Ohio Point,6266 Iowa Street,559,546
520,2021-09-04 20:39:24,39,22:43,69.33,544 Sullivan Court,932 Dexter Drive,165,684
521,2020-04-24 01:43:06,17,4:44,75.98,19 Pepper Wood Court,210 Chive Street,914,357
522,2019-11-17 13:08:22,35,7:27,28.49,786 Talmadge Hill,42608 Tennyson Place,383,343
523,2021-10-22 07:28:02,41,12:25,99.25,1 Del Sol Avenue,01 New Castle Park,208,450
524,2020-01-18 12:24:33,43,11:16,36.64,15 Maywood Point,40856 Maywood Street,936,692
525,2022-04-11 19:35:42,23,13:37,31.13,4 Vera Road,70614 Roth Center,482,93
526,2021-04-02 13:13:45,29,22:11,21.91,257 Barby Terrace,300 Prentice Circle,570,272
527,2021-10-03 20:00:22,28,7:47,25.61,039 Dorton Court,3 Northridge Way,668,593
528,2020-02-16 23:47:26,56,10:52,25.12,2 Hovde Lane,8 Marcy Drive,547,111
529,2021-01-01 11:19:10,43,18:07,5.93,8 Springview Pass,9268 Reinke Center,631,583
530,2019-10-18 23:27:44,59,0:26,66.91,5084 Debra Court,9198 Sommers Court,12,74
531,2021-06-01 07:36:43,34,1:26,33.46,60975 Del Mar Place,0995 Hazelcrest Crossing,986,467
532,2020-04-27 22:53:29,22,9:54,7.5,9355 Old Gate Place,88736 Mayfield Street,134,691
533,2021-07-27 09:21:32,28,4:21,17.29,61043 Kropf Place,86825 Parkside Drive,111,908
534,2020-11-26 19:14:55,11,14:16,92.66,075 Warrior Center,86 Russell Road,677,675
535,2021-06-01 17:40:34,45,19:11,28.58,9 Clemons Alley,72 Mayfield Road,360,898
536,2021-08-04 09:57:14,37,16:19,88.16,01974 Texas Drive,52 Armistice Lane,169,245
537,2021-10-20 04:29:14,41,20:36,43.62,377 Spenser Circle,2 Comanche Lane,860,974
538,2021-05-26 11:52:42,19,16:23,72.21,7186 Heath Park,3925 Pennsylvania Circle,714,405
539,2021-03-18 11:19:46,23,13:27,89.61,813 Cardinal Point,6 Messerschmidt Drive,983,68
540,2020-03-01 01:27:31,35,15:08,70.56,2 Jenifer Road,94493 Farragut Junction,842,413
541,2021-06-10 21:54:34,17,5:34,69.52,59 Merchant Avenue,0156 Farwell Avenue,58,189
542,2021-09-13 04:19:31,12,13:16,52.24,88 Birchwood Court,1947 Clemons Trail,663,606
543,2020-12-17 15:56:13,15,14:18,32.64,28 Menomonie Street,753 Sherman Alley,888,1
544,2020-08-17 12:07:46,46,19:16,71.15,58839 Sachtjen Court,754 Carberry Street,354,247
545,2021-05-21 14:13:10,29,23:00,30.38,4 Graedel Park,7241 Swallow Circle,605,980
546,2020-02-09 07:56:58,37,12:39,32.68,765 Meadow Valley Lane,0 Northfield Circle,914,571
547,2021-07-06 08:54:18,16,17:47,32.18,64017 Messerschmidt Park,8676 Debs Hill,974,850
548,2020-12-23 10:54:11,57,8:10,56.78,808 Paget Junction,4228 Division Alley,589,994
549,2021-06-25 06:39:11,58,16:49,79.65,7420 Bayside Way,47649 5th Avenue,2,355
550,2021-11-05 12:04:38,50,6:24,23.75,48 Coleman Road,4513 Briar Crest Park,984,752
551,2021-01-17 05:37:09,46,1:34,64.46,746 Gateway Road,44009 Jay Crossing,135,382
552,2021-01-19 17:58:24,37,4:07,24.38,2 Northview Alley,7743 Judy Plaza,496,291
553,2021-06-07 15:47:51,33,8:04,32.72,08268 Del Sol Court,26 Esker Drive,45,291
554,2019-11-25 01:50:44,49,13:04,82.44,8669 Eagan Circle,1218 Novick Crossing,695,512
555,2022-01-08 11:22:41,54,18:02,45.54,28 Vidon Park,3 Florence Parkway,394,961
556,2020-04-29 04:44:08,46,5:53,93.45,32 Sherman Place,822 Trailsway Center,263,866
557,2021-03-29 03:54:52,11,19:13,53.79,1738 Waxwing Street,9024 Erie Trail,863,488
558,2020-12-20 10:26:31,57,9:47,18.23,2377 Russell Center,076 Talmadge Court,435,306
559,2021-02-09 14:17:05,29,12:39,40.47,1663 Michigan Plaza,839 Sycamore Terrace,997,700
560,2020-01-28 22:01:28,52,3:18,18.17,86 Arizona Park,6825 Mendota Trail,296,264
561,2020-12-04 02:14:45,34,3:25,51.33,17462 Jenna Alley,70134 Fairfield Point,303,709
562,2021-01-15 03:17:17,18,15:07,80.57,83 Continental Crossing,52 Stuart Place,283,893
563,2019-12-06 00:59:58,41,9:49,81.94,5224 Thompson Terrace,59 Caliangt Place,817,791
564,2020-08-16 05:08:15,36,14:12,46.36,7474 Bonner Place,784 Carberry Drive,907,786
565,2021-10-16 07:26:08,11,13:04,82.42,4089 2nd Hill,1 Myrtle Way,379,563
566,2021-07-19 18:08:47,25,4:10,26.2,8345 Eliot Road,72 Jackson Road,91,199
567,2020-09-28 00:13:13,41,22:33,15.38,575 Cherokee Junction,4900 Del Mar Center,25,238
568,2022-03-28 03:26:47,39,8:24,88.79,27409 Rieder Alley,6336 Trailsway Way,649,62
569,2019-12-31 10:34:57,44,23:32,13.72,3394 Jackson Crossing,55807 Del Mar Street,912,65
570,2021-09-07 20:53:20,43,22:24,74.3,02 Killdeer Drive,3 Talmadge Place,285,638
571,2020-03-22 03:23:46,33,19:09,58.32,1710 Manufacturers Park,697 Corscot Street,668,97
572,2022-03-04 12:48:40,59,11:37,6.63,2 Monument Pass,23097 Johnson Alley,296,305
573,2022-01-20 06:26:44,33,8:33,69.06,16571 Hansons Center,094 8th Court,909,526
574,2021-03-24 17:41:21,16,12:25,65.32,83 Burning Wood Lane,06656 Colorado Street,683,927
575,2020-02-03 17:02:18,17,11:20,15.07,5 Melrose Place,7 Aberg Place,655,771
576,2022-02-28 03:28:59,54,17:59,95.71,4187 Armistice Circle,12817 Melvin Point,626,713
577,2020-02-06 02:51:28,47,7:24,39.88,8978 Southridge Street,28 Moland Lane,662,682
578,2020-08-11 12:00:48,26,3:17,51.08,728 Corry Plaza,2 Washington Road,909,540
579,2021-04-23 03:41:19,48,9:11,68.82,99 Susan Drive,13858 Mcguire Point,313,843
580,2022-04-10 14:48:37,36,17:48,66.76,993 Elka Drive,6589 Pearson Pass,970,607
581,2021-12-22 19:14:45,39,9:19,5.61,712 Schiller Parkway,170 Forest Dale Lane,81,125
582,2020-08-06 19:26:46,31,20:30,15.58,9 Northwestern Point,852 Vernon Hill,181,559
583,2020-06-06 11:54:15,32,0:21,49.68,8 Lukken Terrace,85895 Farwell Plaza,341,177
584,2021-01-09 00:04:01,53,8:37,82.96,788 Melrose Street,71 Parkside Place,275,386
585,2021-06-28 18:22:08,33,22:55,85.16,216 Burning Wood Park,61572 Onsgard Drive,437,887
586,2020-02-23 12:40:35,52,3:29,57.17,6 Del Sol Avenue,444 Comanche Way,915,302
587,2019-12-07 01:46:33,24,12:44,41.23,393 Milwaukee Avenue,9 Eastlawn Lane,88,416
588,2020-06-16 10:48:46,29,14:32,40.13,022 Hazelcrest Court,1571 Bartelt Park,482,927
589,2021-06-13 15:29:52,28,19:18,15.64,5003 Mallory Terrace,4328 Browning Point,947,784
590,2021-12-09 23:06:29,47,13:07,93.2,73419 Luster Plaza,64266 Northland Center,68,600
591,2020-12-14 17:48:37,38,21:51,93.58,72931 Badeau Center,4 Manufacturers Pass,649,948
592,2019-12-29 20:36:49,36,5:00,98.26,2775 Vera Road,082 Fordem Terrace,971,604
593,2020-03-06 05:57:43,38,22:45,60.53,9 Golf Circle,5 Westend Parkway,53,391
594,2020-09-17 21:42:24,15,8:34,43.37,8899 Lawn Court,1 Hayes Place,535,299
595,2020-10-18 13:08:59,59,9:03,13.21,4066 Derek Junction,69 Ryan Junction,377,704
596,2021-12-06 09:05:47,33,8:12,48.65,65513 Mifflin Center,04 6th Pass,586,903
597,2019-10-31 10:40:49,29,2:26,89.43,5877 Northridge Crossing,64 Park Meadow Center,59,914
598,2021-11-12 16:43:46,47,4:15,28.2,7 Meadow Vale Junction,4827 Londonderry Court,889,620
599,2021-09-07 15:35:56,59,14:59,34.49,2 Sunfield Terrace,935 Hollow Ridge Parkway,183,538
600,2021-05-26 04:22:57,39,1:40,44.12,126 Sommers Point,5273 Ronald Regan Avenue,11,533
601,2022-02-26 18:35:06,20,2:13,35.02,5187 Iowa Center,3954 Sommers Court,673,170
602,2020-08-31 15:46:39,56,17:24,28.46,2 Summit Drive,24 Clarendon Plaza,215,246
603,2021-10-12 22:59:51,24,16:10,71.64,4761 Arapahoe Plaza,3289 Barby Alley,783,368
604,2020-05-29 01:55:25,37,18:53,14.81,6647 Lyons Street,727 Thierer Court,712,227
605,2020-10-03 06:01:36,22,1:54,75.39,5 Burning Wood Avenue,74998 Mifflin Plaza,748,406
606,2020-12-17 09:13:46,53,2:23,61.22,667 Briar Crest Lane,83683 Steensland Crossing,358,67
607,2021-02-06 17:40:23,23,2:15,75.9,92 Lakewood Drive,62181 Summer Ridge Parkway,406,473
608,2019-10-29 16:00:40,25,1:09,18.99,19 Westridge Park,72474 Aberg Place,373,645
609,2021-08-07 06:48:15,60,1:04,70.84,34 Ramsey Plaza,9 Mayer Hill,761,432
610,2020-12-24 16:56:58,27,7:59,38.49,1684 Haas Place,833 Mayer Trail,782,710
611,2021-01-05 01:06:14,17,16:22,88.44,0708 Stephen Plaza,73246 Grim Alley,378,218
612,2020-06-20 14:49:27,49,14:28,50.86,3041 Sutherland Avenue,6191 Hooker Crossing,225,610
613,2020-08-18 19:00:23,13,23:40,87.39,66 Hoepker Alley,52187 Moose Circle,131,319
614,2020-12-09 22:22:51,27,3:56,28.11,3 Armistice Pass,82 Old Shore Pass,253,523
615,2021-08-12 05:17:11,37,19:13,86.89,8 Northland Street,6005 Washington Hill,563,405
616,2022-01-21 21:00:23,30,10:53,98.82,56 Caliangt Park,71440 Karstens Street,479,166
617,2021-09-17 07:40:16,44,11:38,51.86,7 Becker Avenue,881 Northport Junction,632,92
618,2019-12-08 15:59:11,51,6:49,23.4,7 Saint Paul Street,35 Stone Corner Avenue,191,208
619,2020-03-31 06:46:50,26,23:10,31.97,78 Lawn Crossing,70617 Roth Drive,574,408
620,2021-07-05 18:52:53,25,21:35,46.83,6 Thackeray Place,600 2nd Road,850,739
621,2021-02-17 07:59:52,31,7:44,92.91,48 Amoth Hill,00 Arkansas Terrace,709,783
622,2019-12-07 01:38:27,27,20:31,87.93,4 Buhler Alley,40 Mockingbird Point,182,303
623,2020-12-20 22:45:10,10,19:59,56.5,4483 Johnson Street,06 Myrtle Parkway,752,179
624,2020-06-13 20:39:01,53,16:09,30.65,7676 Carberry Street,09 Logan Plaza,832,803
625,2021-07-31 20:48:02,50,0:41,49.51,35433 Buell Plaza,849 Porter Road,730,600
626,2020-01-04 00:02:54,24,7:18,32.01,841 Hanson Park,6900 Meadow Vale Crossing,480,382
627,2020-11-16 08:14:58,32,15:53,89.68,4 Straubel Drive,809 Helena Crossing,10,170
628,2022-04-11 15:04:21,21,19:18,98.16,1 Doe Crossing Drive,556 Pennsylvania Hill,836,990
629,2021-10-31 12:25:32,28,19:45,72.34,93984 Melody Plaza,22 Union Terrace,839,331
630,2020-06-30 20:34:25,17,7:29,25.23,23 Lakewood Gardens Trail,368 Drewry Street,706,91
631,2020-05-23 11:33:18,15,9:48,67.81,5336 Towne Crossing,3926 Chive Parkway,318,982
632,2021-11-07 01:47:21,48,18:36,39.87,39 Park Meadow Hill,2714 Linden Road,518,793
633,2020-09-17 15:32:05,40,14:37,6.41,8678 Sachs Court,47 Express Plaza,340,441
634,2020-04-17 11:18:07,15,4:37,20.7,885 Bunting Center,711 Hoepker Plaza,472,268
635,2021-01-30 17:39:35,48,5:55,23.88,19 Amoth Center,5 Northview Park,654,180
636,2020-02-02 04:32:27,24,13:48,26.27,671 Shelley Terrace,969 Crest Line Plaza,192,943
637,2020-02-14 15:09:21,59,9:04,54.91,612 Grim Lane,46930 Alpine Crossing,221,810
638,2021-07-29 21:13:58,40,18:40,89.21,24545 Washington Road,52 Almo Terrace,336,77
639,2020-07-27 06:57:56,50,12:19,17.32,064 Milwaukee Trail,67633 Springview Trail,880,945
640,2021-11-12 19:33:04,38,17:07,39.37,846 Weeping Birch Parkway,438 Spaight Road,21,739
641,2020-10-14 01:07:22,11,3:13,33.53,8528 Bartillon Junction,1 Calypso Hill,548,134
642,2021-07-04 21:42:11,49,4:46,30.96,8 West Street,4 Doe Crossing Pass,414,263
643,2021-10-14 14:16:13,35,1:00,35.33,894 Green Ridge Terrace,61 Main Avenue,977,97
644,2021-10-23 01:58:21,47,14:46,57.86,35 Fallview Trail,480 Harbort Alley,752,400
645,2021-06-22 06:29:24,55,13:05,38.1,4 Basil Point,38395 Northport Junction,503,442
646,2021-01-03 04:13:23,57,5:01,36.14,59 Meadow Valley Place,531 Nelson Street,947,999
647,2020-11-14 02:10:42,53,21:18,47.0,1594 Buell Terrace,5282 Wayridge Terrace,177,629
648,2020-05-26 10:58:02,55,1:05,5.25,1299 Rockefeller Plaza,6 Huxley Way,395,169
649,2020-12-13 18:51:04,41,15:40,14.25,649 Westport Trail,4 Susan Alley,552,666
650,2020-01-16 08:55:54,10,10:45,57.94,46 Old Shore Junction,4315 Sheridan Plaza,447,859
651,2021-04-01 14:52:59,14,8:34,19.32,08 Hansons Center,69 Springs Street,20,779
652,2019-11-23 14:11:47,36,15:15,14.43,01 Alpine Plaza,94 Crescent Oaks Way,144,79
653,2021-01-29 13:26:56,54,23:08,17.08,56649 Forest Street,08 Pierstorff Alley,135,209
654,2021-07-25 13:20:53,49,19:04,81.69,51 Del Mar Parkway,94 Prentice Pass,77,284
655,2022-02-02 07:35:56,48,15:16,17.3,0738 Brentwood Park,7 Mockingbird Lane,194,295
656,2021-05-12 18:21:04,31,15:56,37.52,33 Cardinal Point,5074 Burning Wood Hill,746,765
657,2021-01-04 21:33:49,39,1:52,34.98,6473 6th Park,7089 Green Ridge Junction,137,864
658,2020-08-18 16:27:43,24,20:21,30.93,290 Nova Point,22918 Green Ridge Court,667,21
659,2020-12-11 12:47:11,28,9:08,39.5,9803 Northview Point,474 Scoville Road,638,812
660,2020-02-01 18:43:22,36,12:56,20.2,7 Paget Hill,817 Jenifer Park,207,831
661,2020-03-04 01:37:37,42,18:52,37.42,979 Oriole Street,12377 Grim Terrace,437,41
662,2020-11-23 04:00:10,40,6:58,80.59,2217 Esch Alley,4386 Cascade Alley,730,921
663,2021-11-23 06:07:25,37,2:05,41.59,48587 Ridge Oak Way,467 Lotheville Park,67,677
664,2020-09-27 13:56:05,17,15:06,84.03,1525 Vahlen Hill,05 Bluejay Park,283,479
665,2020-10-21 09:28:45,44,15:14,79.71,3 Talmadge Center,9619 Independence Park,773,7
666,2021-05-26 03:00:20,21,15:17,72.32,6 Boyd Terrace,341 Almo Hill,412,906
667,2020-09-01 01:20:11,11,0:01,61.94,3463 Lindbergh Junction,1781 Merchant Lane,356,867
668,2021-09-10 08:16:15,14,3:12,74.83,12 Northland Terrace,65 Sheridan Hill,365,623
669,2019-10-04 04:33:19,30,8:27,24.76,52 Mccormick Way,1770 Knutson Crossing,923,209
670,2020-11-24 12:14:13,51,1:16,9.43,63 Macpherson Hill,811 Spaight Street,702,894
671,2021-03-07 12:00:30,21,14:43,29.54,9339 Farmco Terrace,7 International Parkway,240,980
672,2020-05-28 12:10:39,33,3:26,30.42,70084 Upham Road,8388 East Junction,624,147
673,2021-01-04 16:52:00,25,19:18,83.2,9 Maple Crossing,36 Becker Place,875,252
674,2020-12-16 18:57:23,20,11:34,17.81,44309 Village Parkway,8 Nova Alley,900,469
675,2020-04-27 20:46:37,59,9:25,36.31,89 Riverside Way,95320 New Castle Trail,9,814
676,2022-03-23 07:18:12,44,1:18,39.43,6 Rigney Circle,296 Kingsford Place,46,906
677,2020-02-24 22:24:12,34,20:01,64.96,4190 Texas Street,40 Sachs Road,169,900
678,2019-10-05 00:40:23,33,19:11,81.21,63 Anthes Terrace,38103 Hallows Way,476,284
679,2022-01-10 05:36:03,54,14:12,78.64,7947 Waxwing Parkway,9328 Eagan Plaza,325,570
680,2020-09-15 00:12:27,36,10:34,82.71,5 Reinke Court,5046 Portage Circle,231,350
681,2020-01-27 13:06:03,32,23:50,25.19,729 Dayton Center,9098 Meadow Valley Parkway,29,709
682,2021-05-28 18:31:15,55,18:05,23.41,4479 Gulseth Alley,684 Arapahoe Avenue,794,38
683,2021-12-26 06:16:39,47,8:20,79.78,510 Tennessee Road,9726 Center Trail,858,924
684,2020-03-17 11:33:50,43,22:29,22.17,77056 Carioca Avenue,41 Hanover Street,891,851
685,2021-07-03 15:57:35,42,17:25,63.94,10483 Forest Dale Way,05 Donald Center,182,630
686,2021-07-16 10:51:51,15,19:22,82.73,6965 Everett Drive,24 Riverside Trail,418,676
687,2020-05-29 20:42:29,36,5:25,61.08,75632 Thackeray Street,6 Delaware Center,467,510
688,2020-11-11 23:40:16,16,8:57,53.36,34 Granby Lane,79 Basil Parkway,951,392
689,2021-08-14 19:36:54,30,19:52,42.26,1313 Mockingbird Street,69 Hoepker Alley,73,218
690,2022-02-13 08:12:40,10,20:25,91.46,5 Carioca Way,7 Service Pass,953,382
691,2020-04-25 02:05:43,28,9:11,31.11,047 Gina Park,8 Larry Park,965,310
692,2020-10-26 15:17:45,36,20:40,40.25,4865 Sommers Park,3091 Menomonie Terrace,364,836
693,2020-08-24 23:39:24,45,1:41,39.81,9596 Hanover Crossing,792 Continental Pass,446,427
694,2021-02-14 10:00:30,29,22:40,21.05,57149 Sauthoff Crossing,50411 Butternut Avenue,182,40
695,2021-11-16 19:32:41,26,9:46,29.01,1170 Tennyson Parkway,89 Moulton Circle,380,169
696,2020-02-06 11:33:30,40,6:57,53.84,8 Londonderry Pass,36651 Northview Center,467,45
697,2021-02-23 22:04:21,51,7:11,23.39,62 Golf View Way,9440 Mayfield Place,807,818
698,2020-03-07 23:26:18,47,20:12,44.43,7042 Dixon Way,84 Delladonna Lane,90,947
699,2021-12-10 04:24:08,33,1:16,82.87,90653 Express Hill,0 Armistice Plaza,249,141
700,2020-02-25 07:16:22,54,10:03,36.6,7716 Hoffman Parkway,53 Di Loreto Way,205,649
701,2019-10-06 16:30:20,43,0:15,59.67,894 Magdeline Lane,3 Heath Crossing,584,108
702,2021-08-21 17:16:23,40,16:40,5.97,814 Vidon Place,96 Buena Vista Alley,380,29
703,2021-03-30 10:03:09,53,2:38,95.12,7849 Northland Circle,867 Roth Crossing,31,936
704,2021-06-03 17:48:15,35,18:28,5.65,08573 Schlimgen Park,3 Westerfield Place,887,617
705,2022-02-15 22:56:24,13,22:21,95.05,987 Rowland Alley,45 Veith Way,181,878
706,2020-02-09 20:48:56,39,10:46,32.91,33034 Mallard Crossing,936 Hoffman Road,574,805
707,2021-06-06 15:10:09,25,12:18,78.77,6367 Evergreen Court,410 Pine View Junction,58,229
708,2021-01-25 17:16:43,49,21:02,88.5,3 Garrison Street,7 Schurz Hill,106,251
709,2021-01-11 00:20:55,44,15:17,79.34,872 Oxford Avenue,54 Shopko Parkway,378,150
710,2020-11-23 16:31:37,47,4:11,82.24,9826 High Crossing Court,141 Meadow Vale Pass,91,240
711,2020-05-10 02:16:45,45,23:33,27.23,9 Bellgrove Circle,140 Towne Park,127,466
712,2021-08-21 02:18:20,58,6:14,54.94,17863 Kingsford Way,91 Schmedeman Avenue,582,719
713,2020-03-31 01:40:00,19,14:14,92.06,6 Express Crossing,8 Nelson Court,85,622
714,2021-12-18 00:18:27,14,1:23,96.79,2947 High Crossing Avenue,70 Havey Road,462,389
715,2020-08-30 22:07:23,50,9:55,47.4,7 Gale Pass,589 Milwaukee Alley,832,521
716,2021-05-08 12:02:50,60,1:00,11.9,58962 Roth Street,9 Gale Pass,8,38
717,2020-06-16 10:16:24,47,5:40,36.31,7 Pine View Hill,0 Haas Place,90,65
718,2019-12-16 21:47:52,13,13:54,84.09,95 Vernon Center,86298 Sugar Crossing,571,519
719,2021-12-26 10:07:31,34,16:31,85.47,3003 Judy Way,6188 Prentice Road,179,485
720,2021-05-27 09:53:53,33,6:28,52.31,6529 Bluejay Alley,5322 Blaine Center,30,911
721,2020-03-25 20:41:10,55,22:59,36.25,90 Hayes Center,8 Brown Parkway,92,646
722,2020-07-11 17:33:01,58,11:56,63.15,3 Luster Road,707 Continental Street,961,865
723,2020-10-28 03:10:42,22,11:41,7.09,7 Hazelcrest Terrace,6769 Darwin Parkway,378,502
724,2020-04-01 01:04:47,38,16:21,96.22,02 Cottonwood Junction,3 Fair Oaks Park,320,427
725,2020-03-02 17:39:50,58,3:23,60.93,38262 Westridge Junction,64 Transport Crossing,519,536
726,2021-07-05 17:07:11,38,11:43,45.49,59235 Merrick Crossing,1 Holy Cross Place,741,634
727,2020-08-11 01:19:05,45,4:02,85.48,56 Rutledge Alley,3300 Victoria Trail,293,204
728,2020-01-03 13:24:06,40,2:43,27.25,8139 Anthes Point,14316 Mosinee Lane,62,853
729,2021-11-26 10:57:20,18,19:28,10.76,760 Schmedeman Trail,0 Delladonna Center,491,195
730,2021-05-21 15:12:55,24,19:51,68.15,00425 Summit Point,093 Havey Court,56,475
731,2019-11-26 01:26:03,60,6:29,17.03,105 Hayes Drive,715 Service Crossing,453,772
732,2022-04-08 11:30:30,35,6:36,26.6,2387 Cascade Parkway,8 Esker Junction,374,641
733,2021-05-19 07:33:41,11,7:49,47.93,053 Lake View Park,202 Mesta Point,294,143
734,2021-09-05 20:56:06,10,6:47,52.81,49504 High Crossing Hill,8 Del Mar Hill,136,944
735,2021-08-02 15:06:01,34,7:45,96.3,89 Maywood Hill,35 Arizona Road,880,786
736,2021-10-12 06:41:42,59,0:40,40.07,752 Sullivan Circle,0427 Pankratz Park,706,281
737,2020-07-17 09:05:12,29,23:45,54.24,282 Fisk Point,1 Grover Place,506,12
738,2021-04-29 06:08:05,53,6:17,52.52,1159 Lunder Center,7 Rockefeller Park,976,645
739,2020-06-23 14:31:09,16,4:34,86.48,6 Anderson Street,6079 Novick Hill,3,298
740,2019-11-11 23:51:25,32,5:51,71.49,57829 Maywood Lane,554 Forest Run Trail,120,616
741,2021-08-02 18:36:54,36,19:52,51.0,5429 Ohio Parkway,8384 Spohn Lane,791,838
742,2020-06-17 09:36:00,36,17:29,97.49,4 Pine View Pass,05 Graceland Point,321,991
743,2021-12-10 01:34:30,22,14:40,83.0,49 Sunbrook Place,4765 Luster Court,547,959
744,2021-05-25 00:56:44,22,23:20,28.09,429 Packers Way,617 Lakewood Gardens Hill,351,242
745,2020-02-19 22:08:57,25,6:44,92.77,37458 Oak Park,90144 Anhalt Way,602,805
746,2021-03-22 17:11:40,35,18:54,76.26,0148 Melby Court,90049 Loomis Road,402,372
747,2021-05-30 04:21:22,59,2:42,20.35,7776 Granby Road,61 Bellgrove Park,930,961
748,2022-03-30 08:08:57,13,12:21,88.55,789 Buhler Drive,3 Judy Junction,176,119
749,2020-07-11 09:45:58,26,15:25,24.78,00 Fallview Street,1 Porter Avenue,615,297
750,2022-03-04 22:43:55,39,20:11,73.87,572 Lotheville Court,9632 Killdeer Center,798,660
751,2020-06-15 22:03:23,51,9:18,15.61,5562 3rd Pass,139 Ronald Regan Avenue,618,239
752,2020-04-12 00:34:01,32,3:07,79.27,48 5th Point,656 Old Gate Lane,676,835
753,2020-01-04 18:16:50,25,5:42,15.85,1135 Quincy Junction,6 Stoughton Center,411,763
754,2022-02-16 17:10:15,49,6:39,78.33,3002 Fieldstone Plaza,51 Briar Crest Parkway,420,708
755,2020-07-20 09:27:24,57,13:55,52.95,80 Bunting Junction,52 Elgar Plaza,519,684
756,2021-02-02 23:22:36,30,20:41,69.48,1935 La Follette Lane,68851 Hauk Point,389,588
757,2021-09-30 04:20:40,22,15:31,77.67,9 Moose Lane,004 Magdeline Junction,703,115
758,2020-08-28 06:32:56,43,13:09,65.97,63771 Surrey Trail,9724 Bartillon Crossing,619,266
759,2020-01-22 15:39:08,55,2:06,62.44,2876 Sachtjen Plaza,51 Surrey Hill,48,955
760,2021-01-14 13:34:48,47,11:00,22.7,29063 Scofield Court,348 Mifflin Center,917,118
761,2020-01-29 06:31:56,30,1:13,70.25,38221 Old Shore Pass,510 Brentwood Crossing,108,948
762,2020-11-03 17:25:43,44,6:01,6.49,4266 Pond Parkway,342 Esker Place,474,472
763,2021-03-25 00:26:52,35,15:10,36.09,4659 Helena Hill,57834 Sunnyside Parkway,618,643
764,2021-01-09 18:19:20,21,17:08,90.18,72 Briar Crest Drive,0975 6th Junction,969,601
765,2020-08-31 04:00:39,22,4:54,57.5,279 Main Point,8 Ilene Pass,409,681
766,2019-10-23 20:00:55,34,15:55,13.34,460 Walton Alley,14029 Northport Road,942,656
767,2020-08-31 21:23:04,21,8:32,44.36,6958 Arrowood Parkway,08 Messerschmidt Alley,926,743
768,2022-02-03 12:26:43,22,1:55,7.72,4 Park Meadow Circle,869 Dryden Park,346,56
769,2020-01-18 14:15:41,16,17:29,12.66,9 School Trail,552 Dwight Junction,855,155
770,2022-03-12 18:01:24,22,17:56,52.67,657 Canary Way,60 Graceland Drive,596,594
771,2021-10-01 14:02:49,11,12:55,48.25,9144 Glacier Hill Point,13597 Sutherland Avenue,555,135
772,2020-06-26 08:10:42,33,16:05,88.46,83006 Monica Point,7 Sauthoff Crossing,380,438
773,2020-02-08 23:34:18,29,23:21,92.39,5290 Sugar Lane,65 Michigan Lane,553,864
774,2019-11-27 13:16:21,30,10:36,60.9,89 Warrior Point,05 Carey Lane,935,61
775,2020-12-13 22:34:33,24,22:53,85.51,7 Maple Place,317 Village Court,496,342
776,2021-07-27 06:28:42,35,3:42,24.75,0738 Blue Bill Park Parkway,5716 Derek Street,313,924
777,2021-04-04 19:16:20,59,20:58,64.87,1 Thompson Crossing,5442 Judy Court,698,402
778,2021-09-21 06:13:21,47,2:20,13.46,0714 Del Sol Junction,367 Bonner Drive,315,635
779,2020-04-06 18:07:15,59,9:32,10.01,79493 Grim Pass,35777 Kedzie Pass,604,619
780,2020-02-14 08:38:21,18,14:48,19.56,5413 Warrior Park,8 Bashford Alley,955,942
781,2020-12-12 20:08:45,45,11:21,73.72,94 Cardinal Court,7193 Kipling Avenue,310,935
782,2021-05-06 07:48:09,31,12:58,52.84,58 Texas Trail,1 Northwestern Park,690,32
783,2019-11-01 03:13:12,57,20:08,39.24,432 Hudson Avenue,34 Tennyson Hill,464,934
784,2021-04-05 04:29:19,10,16:55,37.84,5 La Follette Hill,0053 Shelley Parkway,398,843
785,2021-07-17 19:54:49,30,5:17,82.26,35 Schmedeman Lane,8 Eagan Hill,161,859
786,2021-02-16 04:01:26,30,1:02,93.84,849 Transport Parkway,133 Sage Road,891,518
787,2020-10-18 21:38:44,12,14:23,25.39,8820 Blackbird Drive,9 Eliot Hill,730,93
788,2020-12-19 15:39:48,51,18:54,18.89,96 Shoshone Crossing,579 Mayer Crossing,955,520
789,2021-01-28 02:02:16,41,16:18,59.42,9 New Castle Pass,9 Marcy Place,515,242
790,2020-12-24 12:25:32,59,5:26,77.98,9 Cambridge Street,9 Heath Junction,541,605
791,2020-10-25 03:21:50,28,4:56,36.72,3493 Birchwood Trail,3 Park Meadow Hill,188,508
792,2021-04-23 02:23:22,13,15:24,50.83,664 Longview Lane,1277 Gerald Parkway,890,50
793,2020-11-05 22:11:39,51,11:31,37.87,9 Monica Alley,3 Hagan Road,322,877
794,2020-12-05 16:12:30,47,15:08,71.17,6 Goodland Hill,292 Roth Place,948,617
795,2020-05-16 05:19:37,23,6:31,52.4,0 Badeau Center,99 Fisk Pass,789,457
796,2019-10-26 15:21:39,44,17:25,46.11,99 Sheridan Circle,466 Kingsford Parkway,407,386
797,2020-08-20 13:25:13,41,2:38,57.68,62 6th Road,5 Emmet Point,965,630
798,2022-01-23 20:09:56,53,19:07,98.16,36086 Killdeer Place,1683 Lakeland Place,110,287
799,2021-05-15 19:15:23,10,3:37,61.75,1096 Anhalt Circle,5 Killdeer Place,706,647
800,2022-01-16 04:01:35,35,7:52,44.22,5 Talisman Terrace,2342 Fairfield Circle,225,589
801,2021-11-17 20:54:29,28,10:44,81.67,25 Michigan Hill,1057 Summerview Place,779,190
802,2021-10-15 12:45:13,20,3:55,18.66,95825 David Terrace,601 Golden Leaf Point,261,985
803,2019-10-06 02:30:12,30,11:11,44.41,12 Northport Circle,04037 Tomscot Way,627,405
804,2022-03-15 01:32:00,13,22:20,87.64,3 Dennis Pass,9 Express Place,457,533
805,2021-01-08 23:13:21,46,19:44,99.75,9638 Northview Court,78 Manley Crossing,245,872
806,2022-01-17 18:41:08,36,0:49,55.44,321 Fordem Lane,1079 Golf Terrace,458,707
807,2020-01-14 05:39:14,37,21:38,15.09,86025 Grim Drive,1 Mayfield Crossing,776,333
808,2021-07-15 12:42:58,20,8:19,76.26,03958 Manley Street,03 Mockingbird Plaza,482,581
809,2021-06-27 12:10:25,33,19:53,36.31,1 Barby Way,9978 Marquette Center,158,733
810,2020-06-24 18:16:14,32,8:55,14.01,03 Portage Trail,9 Prentice Place,699,400
811,2019-11-15 13:39:28,30,11:22,79.52,9957 Lerdahl Avenue,6 Bonner Center,428,6
812,2021-09-10 08:15:27,14,4:03,61.08,4 Forster Junction,80590 Briar Crest Alley,238,329
813,2021-11-20 23:49:38,42,12:08,64.74,46 Troy Trail,51 Aberg Court,556,237
814,2021-10-15 07:18:10,50,15:52,17.46,17830 Luster Center,4 Randy Drive,150,24
815,2020-04-11 14:05:36,26,20:45,38.9,43908 Jenifer Street,46791 Killdeer Street,977,615
816,2020-12-16 03:09:15,60,7:45,77.57,5 Nelson Park,0348 Alpine Hill,59,281
817,2020-10-02 15:59:21,13,19:02,54.72,350 American Trail,66931 Bowman Hill,793,794
818,2019-12-20 00:14:58,26,22:07,75.49,60116 Pine View Hill,859 Little Fleur Road,191,124
819,2021-04-01 10:24:57,52,6:20,6.4,6194 Grayhawk Center,41626 Gina Center,674,612
820,2021-10-18 03:05:00,45,10:34,55.05,57 Drewry Court,583 Cody Lane,578,965
821,2021-04-22 12:49:06,10,8:26,93.7,943 Nancy Point,3 Steensland Center,746,583
822,2022-04-14 13:54:46,21,11:12,99.31,701 Blackbird Point,900 5th Court,291,750
823,2020-06-02 13:36:35,36,13:39,39.87,193 Eastlawn Avenue,89 Buhler Plaza,28,15
824,2021-06-07 16:17:06,41,12:26,77.86,8157 Ruskin Hill,5666 Dovetail Street,912,828
825,2020-09-01 15:16:30,56,12:40,85.4,537 Elmside Road,0435 Mallory Street,668,399
826,2022-03-26 00:55:51,58,12:36,86.93,97485 Washington Park,96400 Hooker Pass,271,504
827,2021-05-07 06:44:57,26,5:13,59.38,37 Dunning Drive,33607 Cardinal Center,260,418
828,2021-04-14 01:32:44,48,13:45,64.75,6677 Bobwhite Junction,093 Gale Hill,712,43
829,2020-01-04 08:43:15,49,16:10,29.64,4 Anderson Alley,28962 Sutherland Junction,333,201
830,2020-11-06 05:10:52,51,9:11,54.37,88 Anderson Place,8 Prairieview Drive,258,158
831,2020-08-29 16:36:42,34,0:49,40.86,244 Rowland Way,863 Rieder Drive,321,160
832,2020-02-03 20:11:07,22,2:23,31.9,0373 International Parkway,49 Merrick Place,484,83
833,2022-03-15 19:45:28,23,17:53,19.36,78 Dwight Hill,38880 Lawn Parkway,510,888
834,2021-08-22 14:59:24,35,6:25,11.36,65 Armistice Road,0 Arapahoe Road,252,282
835,2020-03-03 00:16:25,30,1:17,67.92,355 Carberry Junction,131 Larry Lane,977,225
836,2020-06-08 20:37:45,29,14:27,43.12,8515 Del Sol Drive,3403 Emmet Place,55,28
837,2021-03-20 23:36:01,19,21:15,48.35,450 Glendale Junction,5934 Jenna Lane,26,595
838,2021-11-22 16:21:07,19,18:23,55.0,34 Manley Trail,4 Daystar Park,343,835
839,2020-11-29 16:49:23,36,21:38,19.47,4584 Eggendart Junction,998 Kedzie Pass,934,978
840,2021-06-18 09:12:29,10,13:30,86.93,52 Clove Place,7233 Hollow Ridge Trail,755,536
841,2022-02-15 04:16:15,55,0:47,47.61,34 Reindahl Lane,1 Autumn Leaf Park,112,210
842,2020-02-14 10:45:02,34,9:25,64.43,0832 Anzinger Place,73 Del Mar Center,367,425
843,2021-06-10 23:09:49,32,7:27,57.56,4 Anthes Court,2975 Loftsgordon Pass,119,851
844,2020-01-20 14:16:57,12,0:08,73.13,258 Twin Pines Road,9394 Burrows Point,11,561
845,2020-04-25 19:15:21,34,18:56,29.71,3517 Heffernan Junction,9531 Harper Pass,200,586
846,2021-11-04 05:03:08,17,10:54,7.28,749 Mariners Cove Park,81015 Bowman Place,909,105
847,2020-06-25 15:27:47,54,12:46,97.71,0918 Anzinger Court,38 Maple Wood Alley,142,47
848,2021-08-01 17:57:07,33,14:59,13.54,6 Meadow Ridge Road,59422 Maryland Point,353,796
849,2020-05-01 21:27:07,50,5:33,17.46,720 Pine View Way,070 Carey Lane,996,452
850,2021-05-12 00:20:50,35,9:19,35.44,0842 Sherman Circle,2448 Anthes Parkway,634,158
851,2021-04-28 22:50:44,54,11:14,7.41,47592 Kingsford Road,53 Twin Pines Drive,632,76
852,2020-07-12 11:29:54,43,9:35,33.01,09 Schurz Court,5444 Anniversary Center,241,128
853,2020-10-20 11:06:35,36,3:30,51.08,55185 Blackbird Way,4 Shasta Trail,9,465
854,2022-01-16 12:31:02,24,7:13,46.63,309 Banding Trail,4 Moulton Park,904,280
855,2020-10-03 04:04:20,12,18:21,83.11,87809 Towne Place,633 Sommers Avenue,436,758
856,2021-04-23 21:24:28,23,12:27,61.71,136 American Circle,068 Bartillon Alley,276,435
857,2020-08-05 09:51:57,20,13:30,63.86,1665 Declaration Point,67 Crownhardt Pass,193,854
858,2021-10-10 05:46:31,45,10:44,16.37,83 Lighthouse Bay Point,75116 Lotheville Pass,414,664
859,2021-07-09 23:05:43,37,15:13,66.68,705 Duke Avenue,2 Lake View Court,499,145
860,2019-11-14 05:30:29,13,12:15,29.82,262 Northridge Lane,4365 Claremont Point,202,289
861,2020-03-10 10:40:16,11,2:53,38.6,08 Red Cloud Crossing,60 Ruskin Alley,309,340
862,2019-11-19 21:00:32,56,2:09,58.4,99 Havey Pass,28 Kingsford Alley,704,25
863,2021-12-09 14:44:57,28,3:11,23.19,62 Clove Junction,778 La Follette Parkway,136,576
864,2020-06-29 19:09:25,45,2:05,94.47,54903 Westend Drive,7 Namekagon Parkway,991,816
865,2021-03-12 13:04:54,22,7:14,5.85,746 Monica Street,3 Fieldstone Point,669,456
866,2021-07-01 05:54:11,36,8:38,12.62,68 Havey Park,74700 Old Gate Way,454,128
867,2020-08-24 01:35:51,39,17:15,54.93,2 Beilfuss Alley,44 Stang Way,877,929
868,2020-06-05 22:10:20,41,1:08,54.02,07 Iowa Center,09015 American Ash Parkway,115,17
869,2020-12-06 11:48:48,27,10:30,27.23,081 Hollow Ridge Hill,0 Red Cloud Drive,719,330
870,2022-04-08 14:56:39,34,14:03,75.55,293 Mallory Plaza,533 Basil Alley,646,994
871,2020-03-26 00:14:27,21,7:16,34.44,165 Glacier Hill Avenue,843 Bowman Street,555,194
872,2022-04-16 05:27:01,42,16:38,37.54,887 Atwood Junction,17791 Meadow Ridge Lane,939,66
873,2021-06-22 00:32:27,39,19:59,65.79,74152 Mccormick Alley,71599 Forster Avenue,275,72
874,2020-10-04 11:07:34,36,0:55,90.36,5742 Barnett Lane,772 Spenser Hill,899,610
875,2020-12-23 14:48:52,49,8:44,5.15,820 Kinsman Avenue,4422 Fisk Center,733,870
876,2021-04-01 18:29:00,31,14:46,64.99,7373 Miller Junction,27 Ohio Hill,900,242
877,2020-07-15 15:20:00,39,12:04,8.18,930 Banding Way,9704 Lukken Alley,807,719
878,2020-07-01 03:48:21,52,20:24,15.06,16 South Center,57842 Monterey Avenue,611,279
879,2020-04-19 09:57:34,21,2:04,5.52,922 Carey Alley,07 Morning Trail,212,416
880,2021-11-28 12:39:54,58,7:30,20.24,6566 Ryan Court,6316 Shoshone Street,520,905
881,2021-03-02 22:53:09,49,18:03,97.05,4921 Sunfield Way,7 Starling Crossing,868,316
882,2021-10-30 15:20:29,52,15:01,95.83,71658 Miller Place,989 Mccormick Hill,758,420
883,2019-11-07 00:21:31,23,18:45,8.92,6263 Tomscot Place,11989 Sunfield Crossing,576,786
884,2021-09-25 07:18:26,10,13:58,10.99,70198 Melrose Parkway,4922 Buhler Center,644,623
885,2020-05-05 09:26:59,51,22:58,88.25,58412 Cardinal Court,8591 Cherokee Pass,6,17
886,2022-03-19 02:21:23,57,23:35,58.28,5872 Prairie Rose Park,4811 7th Court,270,137
887,2022-04-02 17:08:35,57,11:12,98.24,35 Chive Terrace,9 Glendale Trail,347,190
888,2022-02-27 22:12:43,20,9:18,9.13,0658 Mifflin Avenue,5 Fairfield Parkway,658,906
889,2021-08-21 18:49:18,17,2:10,10.84,919 Spenser Junction,9 Iowa Way,145,115
890,2021-07-26 08:53:39,54,23:12,41.8,04 Springs Pass,4112 Bluestem Point,810,61
891,2020-04-23 12:52:30,52,22:23,37.64,30577 Browning Crossing,8 Vera Drive,838,69
892,2021-10-28 21:47:12,20,19:36,84.7,1514 Katie Pass,1 Kensington Parkway,489,387
893,2021-05-05 17:46:02,18,23:22,25.4,1214 Crowley Point,0177 8th Parkway,691,818
894,2019-10-11 00:29:17,18,1:09,32.22,713 Bartelt Road,65 5th Hill,705,626
895,2021-11-16 12:34:54,35,4:41,24.88,3 New Castle Place,8582 Westridge Hill,934,226
896,2021-04-16 01:16:24,34,1:46,22.18,5 Arkansas Road,4 Magdeline Pass,771,966
897,2021-07-13 13:39:12,15,6:11,22.06,22 Mitchell Lane,6 Norway Maple Street,30,231
898,2021-01-09 21:59:50,49,6:20,73.25,33 Rockefeller Circle,47 6th Street,437,882
899,2020-08-03 15:23:48,27,17:29,80.34,72250 Del Sol Lane,08 Weeping Birch Plaza,668,488
900,2019-11-13 17:27:03,40,21:01,7.81,7851 Randy Lane,425 Westport Terrace,37,637
901,2020-07-21 07:15:02,24,3:17,70.22,519 Nelson Circle,4 Butternut Road,453,399
902,2022-04-01 20:06:39,52,1:19,26.01,432 Waywood Pass,70251 Spenser Place,553,366
903,2020-11-07 19:54:21,41,11:58,35.5,8848 Moulton Center,8 Vera Trail,339,405
904,2021-01-03 09:43:21,25,17:35,92.68,8457 Elka Junction,45 Paget Alley,91,724
905,2020-03-03 01:30:10,51,5:05,50.29,24465 Banding Hill,7196 Pierstorff Parkway,130,411
906,2020-06-21 11:12:24,51,23:42,26.84,6504 Hermina Park,25 Spaight Terrace,59,994
907,2021-04-28 02:08:51,47,18:09,12.08,2 Maple Wood Parkway,1070 Pankratz Plaza,601,715
908,2021-12-07 23:49:12,32,9:17,18.94,926 Nevada Center,025 Gulseth Circle,896,942
909,2020-03-23 01:04:33,41,19:04,61.85,614 Killdeer Street,4 Superior Plaza,989,99
910,2022-01-22 16:25:01,56,0:27,38.15,59 Clove Alley,4 Schlimgen Drive,211,572
911,2021-12-30 02:45:06,24,9:45,68.06,39 Caliangt Parkway,71 Little Fleur Parkway,961,755
912,2021-06-20 14:45:07,37,13:08,37.35,388 Emmet Trail,62 Carey Hill,205,275
913,2019-11-27 02:18:24,55,0:40,52.06,258 John Wall Parkway,105 Sherman Parkway,383,927
914,2021-08-02 21:57:16,22,6:15,46.49,6 Carioca Lane,8 Nelson Circle,50,171
915,2021-09-24 11:36:24,22,0:24,45.61,51 Waxwing Center,33118 Larry Alley,474,626
916,2020-05-22 23:02:20,35,3:22,58.03,42337 Clove Point,429 Jana Trail,380,920
917,2021-01-21 22:10:54,45,22:39,42.73,23313 Eastlawn Court,22910 Coolidge Parkway,941,593
918,2021-12-31 01:12:54,59,15:15,38.31,707 Northview Circle,05 Manufacturers Junction,118,102
919,2020-05-04 07:53:44,19,8:33,66.2,9444 Anzinger Circle,65904 International Circle,349,266
920,2021-03-05 21:36:12,48,19:40,13.23,91896 Dahle Street,5 Basil Terrace,422,774
921,2020-01-07 17:10:27,33,15:27,91.05,3 Fieldstone Road,7186 Menomonie Trail,943,735
922,2021-05-15 18:21:31,37,17:21,87.33,192 Everett Pass,7 Porter Court,342,41
923,2021-02-09 19:50:05,52,1:31,87.69,657 Steensland Place,9 Mayfield Alley,114,545
924,2020-08-17 13:00:57,16,1:49,92.68,5 Mayer Circle,167 Sheridan Drive,574,477
925,2021-11-08 20:48:42,29,19:27,76.04,788 Buhler Plaza,20 Hoffman Court,56,573
926,2020-09-18 01:36:30,54,19:03,24.21,795 Park Meadow Street,70122 Northwestern Place,830,849
927,2020-08-26 18:04:31,32,16:36,57.12,7878 Raven Avenue,9953 Summit Avenue,516,590
928,2022-02-14 17:42:06,17,20:34,75.1,617 Delladonna Hill,8517 Warrior Road,598,947
929,2019-10-04 10:36:57,55,15:53,47.84,4473 Graedel Court,3061 Crescent Oaks Crossing,169,270
930,2022-02-20 07:53:23,25,5:57,50.54,5667 7th Pass,15403 Maple Center,629,29
931,2021-01-02 13:06:26,24,3:09,44.13,99 Acker Trail,00 Pearson Way,209,904
932,2022-03-07 01:32:49,16,20:06,34.19,69603 Aberg Hill,10 Toban Way,917,897
933,2021-02-18 22:59:19,58,22:03,15.22,86601 Ruskin Alley,02012 Everett Trail,321,752
934,2019-11-21 21:23:45,24,19:31,28.19,5081 Oneill Drive,5 Ryan Road,259,20
935,2022-01-02 13:14:13,24,5:40,25.38,9 Carberry Plaza,224 Kim Parkway,306,593
936,2019-11-15 08:48:30,33,23:40,48.17,7588 Raven Park,9 Boyd Trail,967,574
937,2021-02-06 20:58:47,14,7:48,55.15,00213 Glendale Trail,23 Loeprich Hill,469,552
938,2021-01-13 13:05:20,35,16:56,95.43,666 Garrison Parkway,78749 Karstens Circle,299,33
939,2021-03-31 22:13:59,45,6:43,53.11,08615 Northwestern Crossing,80 East Parkway,52,948
940,2021-12-10 02:14:25,36,23:58,53.12,1860 1st Road,3 Schiller Avenue,955,550
941,2019-11-06 05:38:39,51,3:56,5.76,699 Red Cloud Center,64699 Bonner Avenue,611,873
942,2020-04-05 03:31:17,27,20:07,17.22,145 Hermina Parkway,63 Sherman Avenue,851,246
943,2020-05-05 03:04:23,41,22:44,34.71,37314 Scoville Parkway,39 7th Court,528,696
944,2021-08-30 17:42:05,31,20:29,54.0,39 Village Green Center,235 Norway Maple Center,4,445
945,2021-09-02 02:28:17,11,11:54,77.44,6 Canary Plaza,01034 Graceland Street,936,526
946,2021-07-17 12:25:55,57,23:30,16.76,505 Monica Place,48 Oak Center,742,888
947,2022-02-02 10:04:28,28,21:13,72.22,19 Village Green Park,49971 Birchwood Terrace,83,14
948,2020-08-13 18:42:13,45,18:39,99.41,96452 Riverside Pass,264 Spohn Junction,828,540
949,2021-03-20 05:50:31,59,19:11,64.67,84856 Moose Park,388 Harper Way,676,533
950,2022-02-14 19:08:40,23,4:44,54.11,5 Sommers Crossing,4844 Brickson Park Court,958,912
951,2020-07-13 04:12:44,16,15:58,72.12,1160 Corben Court,4791 Messerschmidt Place,494,315
952,2021-09-23 12:46:26,19,20:27,91.99,898 Merchant Terrace,8 Bultman Pass,283,207
953,2021-12-12 18:28:22,11,19:48,44.93,1 Mesta Avenue,1 Waubesa Crossing,803,760
954,2022-04-14 06:54:44,47,2:07,34.38,9204 Fulton Alley,20040 Ohio Avenue,812,173
955,2019-12-27 00:27:25,23,0:13,93.09,6 Sundown Crossing,82026 Chive Circle,576,367
956,2020-11-10 21:19:13,48,19:39,15.6,5 Fulton Terrace,131 Scott Pass,161,804
957,2019-10-20 04:27:35,22,8:01,77.86,5 Hanover Crossing,46329 Tennessee Drive,346,156
958,2021-02-18 19:47:39,42,15:37,14.35,627 Luster Place,4 Burning Wood Crossing,892,646
959,2022-04-11 02:59:33,56,15:37,50.14,45 Vermont Trail,97643 Knutson Way,740,767
960,2021-08-31 00:18:50,20,14:54,10.75,451 Katie Crossing,415 Welch Crossing,764,71
961,2021-04-13 21:11:38,16,16:34,60.4,7586 Monument Junction,4 Warrior Way,119,680
962,2021-02-04 15:23:53,14,18:16,72.07,1332 Graceland Hill,461 Spenser Point,86,613
963,2021-05-18 12:12:06,14,8:33,94.58,20654 West Parkway,723 Blue Bill Park Way,873,24
964,2020-03-16 11:41:31,53,20:45,36.26,64190 Elmside Hill,5773 Dawn Plaza,868,573
965,2020-08-17 08:04:10,28,23:22,14.86,3561 Northridge Terrace,4 Arkansas Junction,391,293
966,2021-05-13 15:25:59,55,18:40,87.39,6408 Eagle Crest Drive,35493 Parkside Trail,694,628
967,2022-01-10 02:20:08,12,19:32,30.73,45665 Eliot Court,0 Eliot Road,947,239
968,2020-04-22 03:31:26,46,9:45,85.59,5 Hansons Road,5985 High Crossing Junction,953,407
969,2021-12-20 05:39:11,51,9:34,27.98,1 Di Loreto Street,565 Declaration Way,676,1000
970,2021-11-10 23:56:24,50,14:11,34.97,88306 Riverside Road,53 Merchant Junction,573,618
971,2020-06-17 07:10:57,18,6:01,18.11,3 Troy Parkway,681 Hollow Ridge Trail,150,585
972,2021-04-08 16:35:19,11,0:32,88.42,93 Milwaukee Center,144 Johnson Plaza,184,50
973,2020-09-17 15:08:12,40,8:45,22.7,51 Loftsgordon Way,90 Homewood Point,581,189
974,2021-10-29 19:07:08,21,6:58,50.89,3 Paget Pass,40424 Raven Lane,814,274
975,2020-08-22 03:30:46,13,23:34,27.48,39 Mifflin Road,06439 Bonner Center,745,878
976,2020-08-20 14:53:22,35,1:00,42.37,4575 Farwell Court,87818 Golden Leaf Hill,545,412
977,2020-11-05 18:18:58,26,16:54,92.01,92984 Waywood Avenue,05422 Mosinee Crossing,721,367
978,2021-07-28 11:34:28,60,13:55,60.06,159 Fulton Circle,6706 Stone Corner Alley,995,999
979,2022-04-13 04:43:46,26,5:54,84.36,19632 Main Alley,011 Melby Drive,595,942
980,2020-08-17 06:14:16,38,4:32,50.89,4175 Londonderry Place,156 Spohn Court,222,353
981,2020-09-23 13:40:34,12,1:54,15.35,4580 Brentwood Circle,32 Erie Lane,809,917
982,2021-12-05 08:06:30,46,15:13,73.55,31785 Northport Center,71420 Warbler Parkway,712,657
983,2020-10-13 21:10:15,58,16:20,23.79,6 Twin Pines Point,33269 Charing Cross Park,611,688
984,2021-06-11 03:28:41,37,16:24,61.93,18 Forest Drive,46625 Forest Dale Parkway,652,160
985,2021-09-13 18:40:13,35,1:45,21.21,461 Cascade Park,562 Esch Place,817,621
986,2021-09-04 13:23:23,50,17:15,51.87,0934 Lakewood Way,053 Columbus Street,35,123
987,2020-09-13 16:28:06,56,0:04,26.02,4 Upham Parkway,9558 Hovde Crossing,832,223
988,2021-01-13 05:54:31,33,0:38,15.5,9 Golf Point,2 Oxford Terrace,707,245
989,2021-02-07 14:13:15,53,9:47,76.92,73 Morning Park,8930 Redwing Alley,844,940
990,2021-03-07 05:28:35,28,2:39,53.89,081 Arrowood Lane,48 Hoepker Park,510,736
991,2022-03-31 07:32:53,51,12:35,30.2,60 Ramsey Court,222 Shoshone Alley,16,768
992,2021-05-18 07:17:17,18,17:49,21.24,31097 Golf Place,6324 5th Drive,308,582
993,2020-10-10 05:05:45,53,5:59,40.19,922 Butternut Way,09 Toban Terrace,802,736
994,2021-02-13 08:49:37,34,0:53,33.93,9915 Riverside Crossing,60 Gateway Trail,849,97
995,2020-12-08 08:48:26,48,23:41,38.54,22094 Dayton Plaza,346 Aberg Terrace,317,906
996,2021-05-06 02:58:03,31,0:44,10.29,2497 Manley Way,097 Melby Court,206,535
997,2022-01-10 01:20:46,53,17:25,87.3,87352 Helena Plaza,48 Columbus Trail,436,727
998,2020-06-09 17:54:58,59,18:00,80.17,90 Pankratz Court,20 Farragut Alley,780,357
999,2021-12-17 10:27:08,49,5:27,21.84,87339 Wayridge Avenue,01323 Arapahoe Center,844,256
1000,2022-03-01 20:59:45,54,22:34,69.47,2427 Thackeray Road,31 Summerview Road,171,738
